,group,hour,weekend,density
0,very_low,0.0,False,"[  1.51132388e-01   1.52458111e-02   1.29994476e-02   6.07622906e-03
   3.49843491e-03   2.28318910e-03   1.10476892e-03   2.72509667e-03
   1.84128153e-03   7.73338243e-04   4.41907568e-04   5.15558829e-04
   1.84128153e-04   4.78733198e-04   5.89210090e-04   1.10476892e-04
   0.00000000e+00   0.00000000e+00   0.00000000e+00   0.00000000e+00]"
1,very_low,1.0,False,"[  1.53695955e-01   1.50976290e-02   1.21338912e-02   5.99721060e-03
   2.64993026e-03   1.60390516e-03   1.04602510e-03   2.05718271e-03
   2.02231520e-03   9.06555091e-04   5.92747559e-04   5.57880056e-04
   2.09205021e-04   5.23012552e-04   8.71687587e-04   3.48675035e-05
   0.00000000e+00   0.00000000e+00   0.00000000e+00   0.00000000e+00]"
2,very_low,2.0,False,"[ 0.15279481  0.01524444  0.01307167  0.00522166  0.0032942   0.00206764
  0.00108639  0.00175223  0.00150692  0.00098125  0.00091116  0.00052567
  0.00035045  0.00056071  0.0006308   0.          0.          0.          0.
  0.        ]"
3,very_low,3.0,False,"[ 0.15576996  0.01502081  0.01029134  0.00491865  0.00257283  0.00249716
  0.00098373  0.00181612  0.00208097  0.00071888  0.00071888  0.00049187
  0.00030269  0.00090806  0.00090806  0.          0.          0.          0.
  0.        ]"
4,very_low,4.0,False,"[  1.56635027e-01   1.27303183e-02   1.13902848e-02   4.95067932e-03
   2.68006700e-03   2.45672808e-03   1.45170296e-03   2.08449656e-03
   1.93560395e-03   5.21124139e-04   8.18909362e-04   2.97785222e-04
   2.23338917e-04   8.18909362e-04   9.67801973e-04   3.72231528e-05
   0.00000000e+00   0.00000000e+00   0.00000000e+00   0.00000000e+00]"
5,very_low,5.0,False,"[  1.52813932e-01   1.49220898e-02   1.28322640e-02   6.15948671e-03
   2.82309808e-03   2.19981668e-03   9.89917507e-04   1.83318057e-03
   1.86984418e-03   7.69935839e-04   5.49954170e-04   3.66636114e-04
   4.76626948e-04   4.39963336e-04   9.16590284e-04   3.66636114e-05
   0.00000000e+00   0.00000000e+00   0.00000000e+00   0.00000000e+00]"
6,very_low,6.0,False,"[  1.53647240e-01   1.48591277e-02   1.15785411e-02   5.71208028e-03
   2.93323041e-03   2.00694712e-03   1.19644925e-03   2.54727904e-03
   1.89116171e-03   7.71902740e-04   5.01736781e-04   4.63141644e-04
   3.85951370e-04   5.78927055e-04   8.87688151e-04   3.85951370e-05
   0.00000000e+00   0.00000000e+00   0.00000000e+00   0.00000000e+00]"
7,very_low,7.0,False,"[ 0.14873747  0.01563126  0.0143487   0.00693387  0.00324649  0.00224449
  0.00108216  0.00224449  0.00228457  0.00052104  0.0006012   0.0004008
  0.00016032  0.00072144  0.00084168  0.          0.          0.          0.
  0.        ]"
8,very_low,8.0,False,"[ 0.15462563  0.01527491  0.01148433  0.00536686  0.00232689  0.00198912
  0.00138863  0.00176393  0.00217677  0.00097579  0.0004879   0.00052543
  0.00041284  0.00052543  0.00067555  0.          0.          0.          0.
  0.        ]"
9,very_low,9.0,False,"[  1.52024291e-01   1.21794872e-02   1.18083671e-02   5.97165992e-03
   2.29419703e-03   2.59784076e-03   2.56410256e-03   2.46288799e-03
   2.66531714e-03   1.28205128e-03   9.44669366e-04   4.38596491e-04
   7.08502024e-04   9.44669366e-04   8.77192982e-04   1.34952767e-04
   3.37381916e-05   6.74763833e-05   0.00000000e+00   0.00000000e+00]"
10,very_low,10.0,False,"[  1.52139461e-01   1.01074133e-02   9.19175911e-03   5.07131537e-03
   2.71174503e-03   2.35957035e-03   2.04261314e-03   3.94435640e-03
   3.97957387e-03   1.58478605e-03   1.37348125e-03   1.33826378e-03
   1.02130657e-03   1.26782884e-03   1.33826378e-03   3.52174679e-04
   7.04349357e-05   1.05652404e-04   0.00000000e+00   0.00000000e+00]"
11,very_low,11.0,False,"[  1.50580585e-01   8.85586004e-03   9.75383186e-03   5.10915002e-03
   2.75584456e-03   2.44619910e-03   2.22944728e-03   3.90153275e-03
   4.48985911e-03   2.22944728e-03   1.79594364e-03   1.45533364e-03
   8.36042731e-04   1.39340455e-03   1.11472364e-03   4.95432730e-04
   3.40610002e-04   1.85787274e-04   3.09645456e-05   0.00000000e+00]"
12,very_low,12.0,False,"[  1.48429535e-01   9.66946226e-03   1.07548101e-02   5.98585759e-03
   2.59825687e-03   2.79559283e-03   1.97335964e-03   3.48626871e-03
   4.70317382e-03   2.26936359e-03   1.31557310e-03   1.54579839e-03
   6.90675876e-04   1.74313435e-03   1.21690511e-03   3.28893274e-04
   3.94671929e-04   6.57786548e-05   3.28893274e-05   0.00000000e+00]"
13,very_low,13.0,False,"[  1.43141483e-01   1.07148781e-02   1.14778570e-02   6.23652347e-03
   3.88124067e-03   3.48316470e-03   2.32210980e-03   3.81489468e-03
   4.04710566e-03   2.81970476e-03   1.65864986e-03   1.55913087e-03
   8.29324930e-04   1.39326588e-03   1.65864986e-03   3.98075966e-04
   4.31248963e-04   9.95189915e-05   3.31729972e-05   0.00000000e+00]"
14,very_low,14.0,False,"[  1.39050536e-01   1.25574273e-02   1.21362940e-02   7.35068913e-03
   4.40275651e-03   4.21133231e-03   2.83307810e-03   3.90505360e-03
   3.82848392e-03   2.33537519e-03   2.02909648e-03   1.60796325e-03
   1.26339969e-03   9.18836141e-04   6.89127106e-04   1.91424196e-04
   3.06278714e-04   2.29709035e-04   3.82848392e-05   1.14854518e-04]"
15,very_low,15.0,False,"[  1.33889695e-01   1.24818578e-02   1.29898403e-02   7.29317852e-03
   4.35413643e-03   4.13642961e-03   3.19303338e-03   3.95500726e-03
   4.86211901e-03   2.68505080e-03   2.90275762e-03   2.24963716e-03
   1.77793904e-03   9.43396226e-04   1.34252540e-03   3.99129173e-04
   2.90275762e-04   1.08853411e-04   0.00000000e+00   1.45137881e-04]"
16,very_low,16.0,False,"[  1.45957600e-01   1.17139777e-02   1.18577075e-02   5.71325907e-03
   3.59324470e-03   2.22781171e-03   2.29967661e-03   3.84477183e-03
   3.37765002e-03   2.29967661e-03   2.04814948e-03   1.43729788e-03
   1.18577075e-03   8.62378728e-04   9.34243622e-04   1.79662235e-04
   1.07797341e-04   1.07797341e-04   3.59324470e-05   2.15594682e-04]"
17,very_low,17.0,False,"[  1.45005012e-01   1.39993318e-02   1.25626462e-02   6.11426662e-03
   3.44136318e-03   2.94019379e-03   1.83762112e-03   3.20748413e-03
   3.40795189e-03   1.83762112e-03   1.13598396e-03   1.53691948e-03
   4.00935516e-04   1.16939526e-03   1.10257267e-03   1.33645172e-04
   0.00000000e+00   1.67056465e-04   0.00000000e+00   0.00000000e+00]"
18,very_low,18.0,False,"[  1.54618834e-01   1.32017937e-02   1.16591928e-02   5.20179372e-03
   2.94170404e-03   2.15246637e-03   1.32735426e-03   2.86995516e-03
   1.97309417e-03   1.29147982e-03   8.60986547e-04   7.53363229e-04
   1.79372197e-04   4.66367713e-04   4.66367713e-04   0.00000000e+00
   3.58744395e-05   0.00000000e+00   0.00000000e+00   0.00000000e+00]"
19,very_low,19.0,False,"[  1.51190040e-01   1.47564995e-02   1.21933358e-02   5.30941047e-03
   3.03917979e-03   2.63639692e-03   1.02526547e-03   2.41669718e-03
   2.34346393e-03   1.46466496e-03   1.02526547e-03   6.95715855e-04
   3.29549616e-04   4.76016111e-04   1.06188209e-03   3.66166239e-05
   0.00000000e+00   0.00000000e+00   0.00000000e+00   0.00000000e+00]"
20,very_low,20.0,False,"[  1.51028950e-01   1.30101151e-02   1.36030694e-02   5.99930241e-03
   2.40669690e-03   2.26717824e-03   1.11614928e-03   2.86013254e-03
   2.51133589e-03   1.36030694e-03   7.32472968e-04   5.92954308e-04
   6.27833973e-04   4.88315312e-04   1.32542728e-03   6.97593303e-05
   0.00000000e+00   0.00000000e+00   0.00000000e+00   0.00000000e+00]"
21,very_low,21.0,False,"[  1.50471294e-01   1.52870608e-02   1.42930591e-02   5.55269923e-03
   2.87917738e-03   2.02227935e-03   1.02827763e-03   2.63924593e-03
   2.05655527e-03   1.09682948e-03   6.51242502e-04   5.82690660e-04
   2.05655527e-04   2.74207369e-04   9.25449871e-04   0.00000000e+00
   3.42759212e-05   0.00000000e+00   0.00000000e+00   0.00000000e+00]"
22,very_low,22.0,False,"[  1.52032520e-01   1.47018970e-02   1.28387534e-02   5.52168022e-03
   2.74390244e-03   2.16802168e-03   1.32113821e-03   2.30352304e-03
   2.23577236e-03   1.15176152e-03   6.77506775e-04   6.77506775e-04
   1.69376694e-04   5.08130081e-04   9.14634146e-04   3.38753388e-05
   0.00000000e+00   0.00000000e+00   0.00000000e+00   0.00000000e+00]"
23,very_low,23.0,False,"[  1.53749782e-01   1.55211415e-02   1.24586741e-02   5.01131025e-03
   2.78406125e-03   2.29685053e-03   9.74421437e-04   2.40125283e-03
   1.63563598e-03   1.11362450e-03   9.04819906e-04   3.48007656e-04
   6.96015312e-05   3.13206891e-04   3.48007656e-04   6.96015312e-05
   0.00000000e+00   0.00000000e+00   0.00000000e+00   0.00000000e+00]"
24,very_low,0.0,True,"[ 0.15891089  0.01419142  0.00882838  0.00610561  0.0009901   0.0019802
  0.00033003  0.00363036  0.00181518  0.00107261  0.00024752  0.          0.
  0.00066007  0.00123762  0.          0.          0.          0.          0.        ]"
25,very_low,1.0,True,"[ 0.15836013  0.01237942  0.00988746  0.00635048  0.00160772  0.00200965
  0.0005627   0.00345659  0.00200965  0.0011254   0.00032154  0.00016077
  0.00016077  0.00040193  0.00120579  0.          0.          0.          0.
  0.        ]"
26,very_low,2.0,True,"[  1.56605351e-01   1.37959866e-02   9.86622074e-03   7.10702341e-03
   1.00334448e-03   2.34113712e-03   1.00334448e-03   2.75919732e-03
   2.25752508e-03   7.52508361e-04   8.36120401e-05   0.00000000e+00
   1.67224080e-04   8.36120401e-04   1.42140468e-03   0.00000000e+00
   0.00000000e+00   0.00000000e+00   0.00000000e+00   0.00000000e+00]"
27,very_low,3.0,True,"[ 0.15709343  0.0141484   0.00868897  0.00692042  0.0011534   0.0023837
  0.00069204  0.00299885  0.00192234  0.00069204  0.00092272  0.
  0.00023068  0.00076894  0.00138408  0.          0.          0.          0.
  0.        ]"
28,very_low,4.0,True,"[ 0.1543162   0.0157129   0.0114452   0.00795344  0.0014549   0.00174588
  0.00058196  0.0028128   0.00126091  0.00106693  0.00029098  0.00019399
  0.          0.00058196  0.00058196  0.          0.          0.          0.
  0.        ]"
29,very_low,5.0,True,"[  1.61102484e-01   9.78260870e-03   1.11801242e-02   5.43478261e-03
   9.31677019e-04   2.56211180e-03   3.88198758e-04   3.26086957e-03
   1.78571429e-03   9.31677019e-04   7.76397516e-04   7.76397516e-05
   0.00000000e+00   6.21118012e-04   1.16459627e-03   0.00000000e+00
   0.00000000e+00   0.00000000e+00   0.00000000e+00   0.00000000e+00]"
30,very_low,6.0,True,"[ 0.15963636  0.012       0.01163636  0.00754545  0.00127273  0.00181818
  0.00054545  0.00172727  0.00136364  0.00127273  0.00045455  0.00018182
  0.00018182  0.00036364  0.          0.          0.          0.          0.
  0.        ]"
31,very_low,7.0,True,"[ 0.16126697  0.01294118  0.01013575  0.00524887  0.00126697  0.00280543
  0.00054299  0.00217195  0.00144796  0.00099548  0.00045249  0.000181
  0.000181    0.000181    0.000181    0.          0.          0.          0.
  0.        ]"
32,very_low,8.0,True,"[  1.55821160e-01   1.50509075e-02   1.10668437e-02   5.93182824e-03
   1.41655600e-03   2.83311200e-03   7.96812749e-04   2.47897300e-03
   1.85922975e-03   1.32802125e-03   8.85347499e-04   8.85347499e-05
   0.00000000e+00   1.77069500e-04   2.65604250e-04   0.00000000e+00
   0.00000000e+00   0.00000000e+00   0.00000000e+00   0.00000000e+00]"
33,very_low,9.0,True,"[  1.56336806e-01   1.39756944e-02   9.28819444e-03   6.07638889e-03
   1.90972222e-03   2.51736111e-03   8.68055556e-04   2.95138889e-03
   2.43055556e-03   6.94444444e-04   9.54861111e-04   2.60416667e-04
   8.68055556e-05   5.20833333e-04   1.12847222e-03   0.00000000e+00
   0.00000000e+00   0.00000000e+00   0.00000000e+00   0.00000000e+00]"
34,very_low,10.0,True,"[  1.57204861e-01   1.21527778e-02   1.10243056e-02   5.12152778e-03
   1.38888889e-03   2.95138889e-03   4.34027778e-04   2.77777778e-03
   2.51736111e-03   1.38888889e-03   8.68055556e-04   1.73611111e-04
   1.73611111e-04   6.07638889e-04   1.12847222e-03   8.68055556e-05
   0.00000000e+00   0.00000000e+00   0.00000000e+00   0.00000000e+00]"
35,very_low,11.0,True,"[ 0.15645824  0.01332725  0.01004108  0.00620721  0.00164309  0.00246463
  0.00073026  0.00246463  0.00191693  0.00146052  0.00100411  0.00027385
  0.          0.00073026  0.00127796  0.          0.          0.          0.
  0.        ]"
36,very_low,12.0,True,"[  1.57534791e-01   1.21669980e-02   1.01789264e-02   7.47514911e-03
   8.74751491e-04   1.90854871e-03   5.56660040e-04   2.06759443e-03
   2.62425447e-03   1.19284294e-03   5.56660040e-04   3.18091451e-04
   3.18091451e-04   7.15705765e-04   1.43141153e-03   0.00000000e+00
   0.00000000e+00   7.95228628e-05   0.00000000e+00   0.00000000e+00]"
37,very_low,13.0,True,"[  1.58350347e-01   1.20865659e-02   1.10249081e-02   6.85994283e-03
   4.08329931e-04   1.95998367e-03   7.34993875e-04   2.53164557e-03
   2.12331564e-03   9.79991833e-04   1.63331972e-04   8.16659861e-05
   0.00000000e+00   8.98325847e-04   1.71498571e-03   0.00000000e+00
   0.00000000e+00   8.16659861e-05   0.00000000e+00   0.00000000e+00]"
38,very_low,14.0,True,"[  1.55313351e-01   1.13351499e-02   1.05722071e-02   6.86648501e-03
   1.41689373e-03   2.50681199e-03   7.62942779e-04   3.16076294e-03
   2.61580381e-03   1.52588556e-03   4.35967302e-04   4.35967302e-04
   1.08991826e-04   9.80926431e-04   1.96185286e-03   0.00000000e+00
   0.00000000e+00   0.00000000e+00   0.00000000e+00   0.00000000e+00]"
39,very_low,15.0,True,"[ 0.15462107  0.01367837  0.01127542  0.00573013  0.00175601  0.00231054
  0.00036969  0.00203327  0.00249538  0.00166359  0.00073937  0.00073937
  0.00018484  0.00083179  0.00157116  0.          0.          0.          0.
  0.        ]"
40,very_low,16.0,True,"[ 0.15974359  0.01102564  0.00948718  0.00512821  0.00111111  0.00333333
  0.00017094  0.00222222  0.00247863  0.00196581  0.00025641  0.00059829
  0.00017094  0.00076923  0.00153846  0.          0.          0.          0.
  0.        ]"
41,very_low,17.0,True,"[ 0.15541401  0.01619654  0.01101001  0.0066424   0.00136488  0.00136488
  0.00081893  0.00209281  0.00154686  0.00127389  0.00027298  0.00027298
  0.00018198  0.00045496  0.0010919   0.          0.          0.          0.
  0.        ]"
42,very_low,18.0,True,"[  1.52128146e-01   1.79405034e-02   1.08009153e-02   7.04805492e-03
   1.73913043e-03   2.19679634e-03   1.00686499e-03   1.46453089e-03
   1.83066362e-03   1.37299771e-03   2.74599542e-04   3.66132723e-04
   4.57665904e-04   5.49199085e-04   7.32265446e-04   0.00000000e+00
   9.15331808e-05   0.00000000e+00   0.00000000e+00   0.00000000e+00]"
43,very_low,19.0,True,"[ 0.15869665  0.01606241  0.0099128   0.00550711  0.00165213  0.0024782
  0.00045893  0.00146856  0.00128499  0.00082607  0.          0.00036714
  0.00027536  0.00045893  0.00055071  0.          0.          0.          0.
  0.        ]"
44,very_low,20.0,True,"[ 0.15400825  0.01649107  0.00925332  0.00723775  0.00155749  0.00174072
  0.00036647  0.00219881  0.00256528  0.00137426  0.          0.00036647
  0.00036647  0.00064132  0.00183234  0.          0.          0.          0.
  0.        ]"
45,very_low,21.0,True,"[  1.60091324e-01   1.32420091e-02   1.08675799e-02   5.93607306e-03
   1.18721461e-03   2.55707763e-03   4.56621005e-04   1.91780822e-03
   1.55251142e-03   7.30593607e-04   9.13242009e-05   9.13242009e-05
   2.73972603e-04   4.56621005e-04   5.47945205e-04   0.00000000e+00
   0.00000000e+00   0.00000000e+00   0.00000000e+00   0.00000000e+00]"
46,very_low,22.0,True,"[  1.55040227e-01   1.66587790e-02   1.09796498e-02   7.57217227e-03
   1.23047799e-03   2.17699953e-03   2.83956460e-04   1.41978230e-03
   1.89304307e-03   6.62565073e-04   0.00000000e+00   9.46521533e-05
   2.83956460e-04   6.62565073e-04   9.46521533e-04   0.00000000e+00
   9.46521533e-05   0.00000000e+00   0.00000000e+00   0.00000000e+00]"
47,very_low,23.0,True,"[  1.53831418e-01   1.49425287e-02   1.04406130e-02   8.71647510e-03
   1.53256705e-03   2.29885057e-03   2.87356322e-04   2.68199234e-03
   1.81992337e-03   7.66283525e-04   0.00000000e+00   0.00000000e+00
   2.87356322e-04   5.74712644e-04   1.72413793e-03   9.57854406e-05
   0.00000000e+00   0.00000000e+00   0.00000000e+00   0.00000000e+00]"
48,mid,0.0,False,"[  1.25210987e-02   9.08393433e-03   1.34417677e-02   5.95672856e-02
   3.55685131e-02   1.86588921e-02   1.64799754e-02   1.11094062e-02
   6.53675004e-03   4.72610097e-03   6.65950591e-03   4.35783336e-03
   6.75157281e-04   3.06889673e-04   9.20669019e-05   1.22755869e-04
   9.20669019e-05   0.00000000e+00   0.00000000e+00   0.00000000e+00]"
49,mid,1.0,False,"[  1.14928362e-02   9.08950855e-03   1.28793714e-02   6.06069943e-02
   3.57726082e-02   2.00585426e-02   1.55291943e-02   1.13387768e-02
   7.39485441e-03   3.85148667e-03   6.53212140e-03   4.40610075e-03
   3.69742721e-04   2.46495147e-04   1.84871360e-04   9.24356802e-05
   1.23247574e-04   0.00000000e+00   3.08118934e-05   0.00000000e+00]"
50,mid,2.0,False,"[  1.25176471e-02   9.56862745e-03   1.43058824e-02   5.94196078e-02
   3.44156863e-02   1.74745098e-02   1.57490196e-02   1.17960784e-02
   8.09411765e-03   3.98431373e-03   7.43529412e-03   4.04705882e-03
   6.58823529e-04   1.56862745e-04   1.56862745e-04   1.88235294e-04
   0.00000000e+00   0.00000000e+00   3.13725490e-05   0.00000000e+00]"
51,mid,3.0,False,"[  1.18111650e-02   8.83144857e-03   1.38215760e-02   6.04918327e-02
   3.25614791e-02   2.02118112e-02   1.60832885e-02   1.33548735e-02
   7.10823910e-03   3.69772034e-03   6.78513732e-03   4.12852271e-03
   5.38502962e-04   1.79500987e-04   1.79500987e-04   1.43600790e-04
   3.59001975e-05   0.00000000e+00   3.59001975e-05   0.00000000e+00]"
52,mid,4.0,False,"[  1.25972006e-02   1.05754277e-02   1.44245723e-02   5.73483670e-02
   3.28149300e-02   1.79626750e-02   1.60186625e-02   1.36469673e-02
   7.30948678e-03   3.81026439e-03   8.04821151e-03   4.04354588e-03
   5.83203733e-04   3.88802488e-04   1.94401244e-04   1.16640747e-04
   7.77604977e-05   0.00000000e+00   3.88802488e-05   0.00000000e+00]"
53,mid,5.0,False,"[  1.30006566e-02   9.45502298e-03   1.37229153e-02   6.01116218e-02
   3.46684176e-02   1.87787262e-02   1.59225213e-02   1.09323703e-02
   7.81352594e-03   3.67695338e-03   7.15692712e-03   3.80827315e-03
   4.59619173e-04   1.96979645e-04   0.00000000e+00   1.31319764e-04
   1.31319764e-04   0.00000000e+00   3.28299409e-05   0.00000000e+00]"
54,mid,6.0,False,"[  1.25359986e-02   9.04624767e-03   1.46705065e-02   6.02066746e-02
   3.38810774e-02   1.83974250e-02   1.60257496e-02   1.10452312e-02
   7.62324242e-03   4.20125360e-03   7.52159919e-03   3.69303744e-03
   3.04929697e-04   5.08216161e-04   3.38810774e-05   1.01643232e-04
   2.03286465e-04   0.00000000e+00   0.00000000e+00   0.00000000e+00]"
55,mid,7.0,False,"[  1.06965899e-02   8.16088604e-03   1.34946080e-02   6.21393180e-02
   3.69571553e-02   1.91489362e-02   1.55056835e-02   9.99708540e-03
   6.70358496e-03   4.45934130e-03   7.08248324e-03   4.08044302e-03
   4.95482367e-04   5.24628388e-04   2.33168173e-04   5.82920431e-05
   1.74876129e-04   2.91460216e-05   5.82920431e-05   0.00000000e+00]"
56,mid,8.0,False,"[ 0.01161501  0.00835237  0.0119739   0.06336052  0.02969005  0.0176509
  0.01579119  0.01344209  0.00665579  0.00398042  0.00737357  0.00450245
  0.00114192  0.00117455  0.00130506  0.00071778  0.00039152  0.00029364
  0.00039152  0.00019576]"
57,mid,9.0,False,"[ 0.01389176  0.00713547  0.01009997  0.05587728  0.03026543  0.0160979
  0.01334023  0.01330576  0.00889349  0.00541193  0.00841089  0.00779042
  0.00172354  0.00224061  0.00244743  0.00051706  0.00068942  0.00072389
  0.00103413  0.00010341]"
58,mid,10.0,False,"[ 0.01309675  0.00722433  0.00929447  0.05268272  0.02530629  0.01478665
  0.01470215  0.01558935  0.0095902   0.00773131  0.01144909  0.00764681
  0.00194339  0.00228137  0.00287283  0.00105619  0.00092945  0.00054922
  0.00105619  0.00021124]"
59,mid,11.0,False,"[ 0.0124927   0.00622689  0.00848414  0.05261724  0.02506324  0.0170072
  0.01525589  0.01533372  0.0101187   0.0077447   0.01210352  0.00719984
  0.00264643  0.00229617  0.00202374  0.00108971  0.00066161  0.00066161
  0.00081728  0.00015567]"
60,mid,12.0,False,"[ 0.01423358  0.00559611  0.00896188  0.0540957   0.0229116   0.01824818
  0.01378751  0.01605839  0.01009732  0.00746148  0.00977291  0.00831306
  0.00190592  0.00235199  0.00255474  0.00166261  0.00048662  0.00064882
  0.00072993  0.00012165]"
61,mid,13.0,False,"[ 0.01166191  0.00618383  0.00803226  0.05205848  0.0245673   0.01757688
  0.01391363  0.01384641  0.01048563  0.00695681  0.01105697  0.01038481
  0.00282305  0.00285666  0.00319274  0.00151235  0.00050412  0.00067216
  0.00154596  0.00016804]"
62,mid,14.0,False,"[ 0.00925131  0.00435543  0.00696233  0.04988078  0.02587824  0.01583214
  0.01656334  0.01382928  0.01042759  0.00766174  0.01290733  0.0100461
  0.00518201  0.00324273  0.00292481  0.00216182  0.00085837  0.00092195
  0.00089016  0.00022254]"
63,mid,15.0,False,"[ 0.00833912  0.0047811   0.00692147  0.0466991   0.02582349  0.0161501
  0.01651147  0.01356498  0.01198054  0.00900625  0.01364837  0.0123419
  0.00375261  0.00416956  0.00219597  0.00155664  0.00047255  0.00100069
  0.00080612  0.00027797]"
64,mid,16.0,False,"[  9.67532468e-03   4.02597403e-03   8.44155844e-03   5.08766234e-02
   2.64285714e-02   1.75974026e-02   1.58441558e-02   1.28571429e-02
   1.09415584e-02   8.18181818e-03   1.14935065e-02   1.19805195e-02
   3.31168831e-03   3.66883117e-03   1.88311688e-03   1.00649351e-03
   5.84415584e-04   5.51948052e-04   5.84415584e-04   6.49350649e-05]"
65,mid,17.0,False,"[  1.04422423e-02   6.80372726e-03   1.11817778e-02   5.84528916e-02
   3.04097027e-02   1.79559237e-02   1.57373170e-02   1.31637332e-02
   8.28279840e-03   6.15293596e-03   9.17024109e-03   5.73879604e-03
   1.92279249e-03   2.12986245e-03   5.91628457e-04   5.91628457e-04
   4.14139920e-04   1.77488537e-04   5.91628457e-04   8.87442686e-05]"
66,mid,18.0,False,"[  1.24670185e-02   8.44327177e-03   1.27968338e-02   6.02902375e-02
   3.04419525e-02   1.79089710e-02   1.58641161e-02   1.35554090e-02
   8.01451187e-03   4.38654354e-03   8.31134565e-03   4.38654354e-03
   8.24538259e-04   7.58575198e-04   2.30870712e-04   5.27704485e-04
   1.64907652e-04   1.31926121e-04   4.61741425e-04   3.29815303e-05]"
67,mid,19.0,False,"[  1.34276730e-02   8.74213836e-03   1.40566038e-02   5.85534591e-02
   3.16981132e-02   1.89937107e-02   1.61320755e-02   1.32389937e-02
   7.38993711e-03   4.11949686e-03   7.48427673e-03   3.96226415e-03
   6.91823899e-04   3.77358491e-04   2.51572327e-04   3.45911950e-04
   2.51572327e-04   3.14465409e-05   1.57232704e-04   9.43396226e-05]"
68,mid,20.0,False,"[  1.28037383e-02   9.65732087e-03   1.45794393e-02   5.91588785e-02
   3.37071651e-02   1.85981308e-02   1.50778816e-02   1.11526480e-02
   8.03738318e-03   4.42367601e-03   7.13395639e-03   3.80062305e-03
   6.23052960e-04   3.42679128e-04   2.18068536e-04   3.11526480e-04
   1.55763240e-04   6.23052960e-05   6.23052960e-05   9.34579439e-05]"
69,mid,21.0,False,"[  1.23316206e-02   9.47090682e-03   1.36092209e-02   5.76308846e-02
   3.43285655e-02   2.05527010e-02   1.53034301e-02   1.15817248e-02
   7.66560200e-03   4.08276628e-03   7.27676712e-03   4.47160117e-03
   6.66574087e-04   1.94417442e-04   1.66643522e-04   2.77739203e-04
   1.11095681e-04   1.11095681e-04   8.33217609e-05   8.33217609e-05]"
70,mid,22.0,False,"[  1.43635781e-02   9.68259057e-03   1.34017313e-02   5.93138827e-02
   3.12920808e-02   2.02949663e-02   1.61269638e-02   1.16704072e-02
   7.56652773e-03   4.10387945e-03   7.14972748e-03   3.91151010e-03
   4.16800256e-04   3.20615582e-04   0.00000000e+00   2.88554024e-04
   9.61846746e-05   0.00000000e+00   0.00000000e+00   0.00000000e+00]"
71,mid,23.0,False,"[  1.21666167e-02   9.61941864e-03   1.32753971e-02   6.06832484e-02
   3.44620917e-02   1.91189691e-02   1.52232544e-02   1.19868145e-02
   7.31195685e-03   3.86574768e-03   7.07222056e-03   4.07551693e-03
   5.99340725e-04   1.79802218e-04   5.99340725e-05   1.49835181e-04
   1.49835181e-04   0.00000000e+00   0.00000000e+00   0.00000000e+00]"
72,mid,0.0,True,"[  1.04806935e-02   8.27423168e-03   1.56816391e-02   6.80063042e-02
   3.23089046e-02   1.72576832e-02   1.38691883e-02   1.13475177e-02
   7.32860520e-03   2.83687943e-03   6.06776990e-03   4.64933018e-03
   9.45626478e-04   4.72813239e-04   7.88022065e-05   2.36406619e-04
   1.57604413e-04   0.00000000e+00   0.00000000e+00   0.00000000e+00]"
73,mid,1.0,True,"[ 0.01199671  0.00912079  0.01520131  0.06384552  0.03204601  0.0168447
  0.01717338  0.01199671  0.00649137  0.00254725  0.00583402  0.00468365
  0.00131471  0.00057518  0.          0.00016434  0.00016434  0.          0.
  0.        ]"
74,mid,2.0,True,"[ 0.01234568  0.00897119  0.01465021  0.0654321   0.03292181  0.01736626
  0.01621399  0.0108642   0.00559671  0.00213992  0.00716049  0.00378601
  0.00131687  0.00049383  0.          0.00041152  0.00032922  0.          0.
  0.        ]"
75,mid,3.0,True,"[ 0.01210375  0.00691643  0.01407987  0.06776451  0.03219432  0.01786744
  0.01515027  0.01235076  0.00634006  0.00189378  0.00666941  0.00419926
  0.00131741  0.00065871  0.          0.00032935  0.00016468  0.          0.
  0.        ]"
76,mid,4.0,True,"[ 0.01326803  0.00685663  0.01727516  0.06455922  0.03285841  0.01887801
  0.01549421  0.01148709  0.00578807  0.00284951  0.00534283  0.0032057
  0.00089047  0.00071238  0.          0.00017809  0.00035619  0.          0.
  0.        ]"
77,mid,5.0,True,"[  1.34199134e-02   6.92640693e-03   1.36796537e-02   6.99567100e-02
   3.46320346e-02   1.78354978e-02   1.28138528e-02   9.61038961e-03
   5.28138528e-03   2.33766234e-03   6.23376623e-03   5.02164502e-03
   1.29870130e-03   4.32900433e-04   0.00000000e+00   8.65800866e-05
   4.32900433e-04   0.00000000e+00   0.00000000e+00   0.00000000e+00]"
78,mid,6.0,True,"[ 0.01153199  0.00740741  0.01405724  0.07079125  0.03324916  0.01961279
  0.01346801  0.00833333  0.00496633  0.00353535  0.00513468  0.00622896
  0.0010101   0.00025253  0.          0.00016835  0.00025253  0.          0.
  0.        ]"
79,mid,7.0,True,"[  1.38278388e-02   8.60805861e-03   1.48351648e-02   6.68498168e-02
   3.49816850e-02   1.46520147e-02   1.69413919e-02   9.52380952e-03
   5.49450549e-03   2.38095238e-03   6.22710623e-03   3.66300366e-03
   1.09890110e-03   4.57875458e-04   0.00000000e+00   9.15750916e-05
   3.66300366e-04   0.00000000e+00   0.00000000e+00   0.00000000e+00]"
80,mid,8.0,True,"[  1.26777733e-02   8.85818773e-03   1.38967899e-02   6.69646485e-02
   3.39699309e-02   1.80414466e-02   1.60097521e-02   9.26452662e-03
   5.60747664e-03   2.60056887e-03   5.44494108e-03   4.14465664e-03
   9.75213328e-04   8.93945551e-04   1.62535555e-04   8.12677773e-05
   4.06338887e-04   0.00000000e+00   0.00000000e+00   0.00000000e+00]"
81,mid,9.0,True,"[  1.21919585e-02   7.78210117e-03   1.53912668e-02   6.46779075e-02
   3.40683096e-02   1.75529615e-02   1.59100735e-02   1.14137484e-02
   5.53393861e-03   3.19930826e-03   5.79334198e-03   4.23692175e-03
   1.03761349e-03   6.91742326e-04   8.64677907e-05   3.45871163e-04
   8.64677907e-05   0.00000000e+00   0.00000000e+00   0.00000000e+00]"
82,mid,10.0,True,"[ 0.01463878  0.0081749   0.01501901  0.0601711   0.03431559  0.01853612
  0.01454373  0.01197719  0.00703422  0.00313688  0.00532319  0.00513308
  0.00104563  0.00047529  0.          0.00019011  0.00028517  0.          0.
  0.        ]"
83,mid,11.0,True,"[  1.28529698e-02   7.78967868e-03   1.42161636e-02   6.35832522e-02
   3.20350536e-02   1.77215190e-02   1.72346641e-02   1.18792600e-02
   6.81596884e-03   3.99221032e-03   5.25803311e-03   5.06329114e-03
   9.73709834e-04   4.86854917e-04   0.00000000e+00   9.73709834e-05
   0.00000000e+00   0.00000000e+00   0.00000000e+00   0.00000000e+00]"
84,mid,12.0,True,"[ 0.01099713  0.00722199  0.0133771   0.0679524   0.03373     0.01936808
  0.01427985  0.01058679  0.00599097  0.00377513  0.00582684  0.00475995
  0.00106689  0.00073861  0.          0.          0.00032827  0.          0.
  0.        ]"
85,mid,13.0,True,"[  1.09477124e-02   6.04575163e-03   1.44607843e-02   6.67483660e-02
   3.44771242e-02   1.84640523e-02   1.65849673e-02   1.03758170e-02
   5.31045752e-03   2.94117647e-03   6.37254902e-03   5.63725490e-03
   8.98692810e-04   1.63398693e-04   0.00000000e+00   2.45098039e-04
   2.45098039e-04   0.00000000e+00   8.16993464e-05   0.00000000e+00]"
86,mid,14.0,True,"[ 0.01229737  0.00659586  0.01665735  0.06450531  0.03119061  0.01934041
  0.01621017  0.0117384   0.00670766  0.00234768  0.0059251   0.00368921
  0.00078256  0.00078256  0.00044718  0.00044718  0.00033538  0.          0.
  0.        ]"
87,mid,15.0,True,"[  1.32029340e-02   7.43276284e-03   1.65281174e-02   6.40586797e-02
   3.41320293e-02   1.57457213e-02   1.75061125e-02   9.58435208e-03
   6.16136919e-03   3.12958435e-03   5.28117359e-03   4.49877751e-03
   1.36919315e-03   2.93398533e-04   3.91198044e-04   2.93398533e-04
   2.93398533e-04   0.00000000e+00   9.77995110e-05   0.00000000e+00]"
88,mid,16.0,True,"[  1.18023788e-02   8.87465691e-03   1.50045746e-02   6.54162855e-02
   3.54986276e-02   1.55535224e-02   1.70173833e-02   9.24062214e-03
   6.03842635e-03   2.92772187e-03   4.94053065e-03   5.21500457e-03
   9.14913083e-04   7.31930467e-04   1.82982617e-04   2.74473925e-04
   9.14913083e-05   0.00000000e+00   2.74473925e-04   0.00000000e+00]"
89,mid,17.0,True,"[  1.00549218e-02   6.50612590e-03   1.40261935e-02   6.77651035e-02
   3.51499789e-02   1.84199409e-02   1.96873680e-02   7.68905788e-03
   5.99915505e-03   3.71778623e-03   3.97127165e-03   5.32319392e-03
   5.06970849e-04   5.06970849e-04   8.44951415e-05   5.91465991e-04
   0.00000000e+00   0.00000000e+00   0.00000000e+00   0.00000000e+00]"
90,mid,18.0,True,"[  1.05384615e-02   6.69230769e-03   1.40000000e-02   6.80000000e-02
   3.56923077e-02   1.96923077e-02   1.68461538e-02   8.07692308e-03
   5.53846154e-03   3.69230769e-03   3.61538462e-03   5.30769231e-03
   7.69230769e-04   3.07692308e-04   4.61538462e-04   3.84615385e-04
   2.30769231e-04   0.00000000e+00   7.69230769e-05   7.69230769e-05]"
91,mid,19.0,True,"[ 0.01351094  0.00846813  0.01436727  0.05956232  0.03453853  0.0170314
  0.01579448  0.01227402  0.00704091  0.00371075  0.00637488  0.00494767
  0.00152236  0.00028544  0.00019029  0.00019029  0.00019029  0.          0.
  0.        ]"
92,mid,20.0,True,"[  1.17647059e-02   6.63865546e-03   1.39495798e-02   6.78991597e-02
   3.24369748e-02   2.05882353e-02   1.55462185e-02   9.49579832e-03
   6.30252101e-03   3.52941176e-03   4.95798319e-03   5.37815126e-03
   5.88235294e-04   3.36134454e-04   8.40336134e-05   4.20168067e-04
   8.40336134e-05   0.00000000e+00   0.00000000e+00   0.00000000e+00]"
93,mid,21.0,True,"[ 0.01000463  0.00722557  0.01482168  0.06669755  0.03696156  0.01778601
  0.01556276  0.0086151   0.00528022  0.00305697  0.00620658  0.00537286
  0.00092635  0.00055581  0.00027791  0.00027791  0.00037054  0.          0.
  0.        ]"
94,mid,22.0,True,"[  1.00688468e-02   7.40103270e-03   1.28227194e-02   6.79862306e-02
   3.49397590e-02   1.95352840e-02   1.71256454e-02   6.97074010e-03
   5.85197935e-03   4.04475043e-03   5.76592083e-03   5.76592083e-03
   8.60585198e-04   3.44234079e-04   1.72117040e-04   2.58175559e-04
   8.60585198e-05   0.00000000e+00   0.00000000e+00   0.00000000e+00]"
95,mid,23.0,True,"[ 0.00993789  0.00737578  0.01513975  0.0677795   0.03509317  0.01956522
  0.01545031  0.00846273  0.00520186  0.00302795  0.00473602  0.00574534
  0.00124224  0.00054348  0.00015528  0.00031056  0.00023292  0.          0.
  0.        ]"
96,low,0.0,False,"[  2.61969576e-02   1.57245797e-02   1.12730184e-02   1.07606085e-01
   1.62690152e-02   6.53322658e-03   2.53002402e-03   5.47638110e-03
   2.49799840e-03   2.17774219e-03   1.02481986e-03   1.98558847e-03
   2.56204964e-04   1.92153723e-04   1.60128102e-04   9.60768615e-05
   0.00000000e+00   0.00000000e+00   0.00000000e+00   0.00000000e+00]"
97,low,1.0,False,"[  2.66840646e-02   1.55276464e-02   1.20045670e-02   1.06964606e-01
   1.59843419e-02   6.19801011e-03   2.47920405e-03   5.87179905e-03
   1.76153972e-03   2.02250856e-03   1.14173870e-03   1.89202414e-03
   6.19801011e-04   3.91453270e-04   3.58832164e-04   9.78633176e-05
   0.00000000e+00   0.00000000e+00   0.00000000e+00   0.00000000e+00]"
98,low,2.0,False,"[  2.78633624e-02   1.69122572e-02   1.09511052e-02   1.06965841e-01
   1.38312123e-02   6.16208975e-03   2.84661755e-03   5.22438044e-03
   2.14333557e-03   2.34427328e-03   1.23911587e-03   1.87541862e-03
   7.03281983e-04   4.35365037e-04   4.35365037e-04   6.69792364e-05
   0.00000000e+00   0.00000000e+00   0.00000000e+00   0.00000000e+00]"
99,low,3.0,False,"[ 0.02976378  0.01712598  0.01153543  0.10283465  0.01385827  0.00594488
  0.0030315   0.00551181  0.00259843  0.00291339  0.00114173  0.00181102
  0.00082677  0.00055118  0.00043307  0.00011811  0.          0.          0.
  0.        ]"
100,low,4.0,False,"[ 0.03090146  0.01591045  0.01179292  0.10205876  0.01407156  0.00547671
  0.0029982   0.00635619  0.00287827  0.00243854  0.00123926  0.00191885
  0.00071957  0.00067959  0.00043974  0.00011993  0.          0.          0.
  0.        ]"
101,low,5.0,False,"[  2.67179577e-02   1.71008918e-02   1.32190942e-02   1.06102465e-01
   1.45829691e-02   5.66532611e-03   2.58786501e-03   5.38555692e-03
   2.20318237e-03   2.41300927e-03   1.25896136e-03   1.60867284e-03
   4.89596083e-04   4.54624934e-04   1.39884595e-04   6.99422976e-05
   0.00000000e+00   0.00000000e+00   0.00000000e+00   0.00000000e+00]"
102,low,6.0,False,"[ 0.02749862  0.0170808   0.01299466  0.10565065  0.01417265  0.00511688
  0.00254003  0.00592674  0.00217191  0.00246641  0.00136205  0.00191423
  0.00036812  0.00036812  0.00025768  0.00011044  0.          0.          0.
  0.        ]"
103,low,7.0,False,"[  2.44131455e-02   1.58372457e-02   1.24256651e-02   1.08638498e-01
   1.60250391e-02   7.13615023e-03   2.97339593e-03   4.91392801e-03
   2.03442879e-03   1.78403756e-03   1.09546166e-03   1.56494523e-03
   3.75586854e-04   3.44287950e-04   1.87793427e-04   3.12989045e-05
   6.25978091e-05   0.00000000e+00   6.25978091e-05   9.38967136e-05]"
104,low,8.0,False,"[  2.57866984e-02   1.47303963e-02   1.17026705e-02   1.09236265e-01
   1.34376595e-02   6.25956795e-03   3.29988093e-03   5.13692805e-03
   2.55145433e-03   2.38135737e-03   1.46283382e-03   1.70096955e-03
   4.08232693e-04   5.78329648e-04   4.76271475e-04   6.80387821e-05
   1.02058173e-04   2.38135737e-04   6.80387821e-05   3.74213302e-04]"
105,low,9.0,False,"[ 0.02828875  0.01319165  0.01157933  0.10047636  0.01293514  0.00644925
  0.00329791  0.00644925  0.00351777  0.00304141  0.00197875  0.00527666
  0.00062294  0.00098937  0.00062294  0.00032979  0.00014657  0.00014657
  0.00036643  0.00029315]"
106,low,10.0,False,"[ 0.03070593  0.01048073  0.01087051  0.09926375  0.01186661  0.00710264
  0.00342139  0.00662625  0.002945    0.00389779  0.00203551  0.00614985
  0.00151581  0.00082287  0.00069294  0.00012993  0.00017324  0.00017324
  0.0004764   0.00064963]"
107,low,11.0,False,"[ 0.0278663   0.00967742  0.01134862  0.09797901  0.01383599  0.00711232
  0.00349786  0.0084726   0.00318694  0.00454722  0.00205985  0.00509133
  0.00213758  0.00097163  0.00073844  0.00031092  0.00023319  0.00019433
  0.00023319  0.00050525]"
108,low,12.0,False,"[ 0.02838119  0.01011236  0.01210986  0.09783604  0.01206825  0.00769871
  0.00357886  0.00724095  0.00337079  0.00436954  0.00224719  0.00553475
  0.00145651  0.00099875  0.00079068  0.00045776  0.00033292  0.00033292
  0.00041615  0.00066583]"
109,low,13.0,False,"[ 0.02310186  0.00982767  0.01153387  0.09523972  0.01402491  0.00870159
  0.00453847  0.00760962  0.00447023  0.00563044  0.00368538  0.00624467
  0.00180857  0.00133083  0.00054598  0.00034124  0.00020474  0.00027299
  0.00044361  0.00044361]"
110,low,14.0,False,"[  1.86084406e-02   9.90712074e-03   1.04937266e-02   8.77953397e-02
   1.41763076e-02   8.44060616e-03   6.19195046e-03   9.74417468e-03
   7.49551898e-03   9.28792570e-03   4.66025745e-03   5.83346912e-03
   1.85758514e-03   2.31383412e-03   7.16962685e-04   8.79908750e-04
   3.91070556e-04   6.51784259e-04   4.88838195e-04   6.51784259e-05]"
111,low,15.0,False,"[  1.57337789e-02   9.74658869e-03   8.99470899e-03   8.74129769e-02
   1.23642439e-02   7.85296575e-03   6.46059593e-03   9.96936786e-03
   9.49596213e-03   1.06655528e-02   5.65302144e-03   8.77192982e-03
   2.47841827e-03   1.92147034e-03   9.46811473e-04   4.45558340e-04
   4.45558340e-04   2.78473963e-04   3.34168755e-04   2.78473963e-05]"
112,low,16.0,False,"[  1.98347107e-02   1.05245404e-02   1.01534829e-02   8.42637882e-02
   1.34255355e-02   7.96087030e-03   7.01636026e-03   1.05582729e-02
   9.88362287e-03   8.36566031e-03   5.53213021e-03   6.67903525e-03
   2.12514758e-03   1.58542756e-03   8.77045033e-04   3.37325013e-04
   2.69860010e-04   6.74650025e-05   5.05987519e-04   3.37325013e-05]"
113,low,17.0,False,"[  2.26898734e-02   1.21518987e-02   1.05696203e-02   9.76582278e-02
   1.48417722e-02   7.72151899e-03   4.81012658e-03   8.86075949e-03
   5.18987342e-03   4.62025316e-03   3.79746835e-03   2.84810127e-03
   1.61392405e-03   1.04430380e-03   6.32911392e-04   2.84810127e-04
   1.89873418e-04   2.21518987e-04   1.89873418e-04   6.32911392e-05]"
114,low,18.0,False,"[ 0.0273744   0.01299485  0.01175217  0.10530801  0.01420202  0.00781111
  0.00333748  0.00532576  0.00301793  0.00227232  0.00188177  0.0021303
  0.0006746   0.00092313  0.00049707  0.00014202  0.00021303  0.00014202
  0.          0.        ]"
115,low,19.0,False,"[  2.75597418e-02   1.41984999e-02   1.26635269e-02   1.05808477e-01
   1.32914704e-02   7.70975057e-03   3.13971743e-03   4.98866213e-03
   2.23268795e-03   2.30245945e-03   1.60474446e-03   2.12803070e-03
   6.97714983e-04   8.37257980e-04   4.53514739e-04   3.48857492e-05
   1.39542997e-04   1.39542997e-04   0.00000000e+00   6.97714983e-05]"
116,low,20.0,False,"[  2.84226440e-02   1.43121115e-02   1.25650932e-02   1.05257853e-01
   1.41441290e-02   6.58491517e-03   2.95649252e-03   5.40903746e-03
   2.21736939e-03   2.51973795e-03   1.47824626e-03   2.48614144e-03
   5.71140601e-04   6.71930119e-04   2.35175542e-04   1.00789518e-04
   0.00000000e+00   0.00000000e+00   3.35965060e-05   3.35965060e-05]"
117,low,21.0,False,"[  2.79047619e-02   1.61904762e-02   1.31746032e-02   1.04571429e-01
   1.34603175e-02   6.82539683e-03   3.17460317e-03   5.84126984e-03
   2.50793651e-03   2.09523810e-03   1.14285714e-03   1.87301587e-03
   3.80952381e-04   4.44444444e-04   2.85714286e-04   9.52380952e-05
   0.00000000e+00   3.17460317e-05   0.00000000e+00   0.00000000e+00]"
118,low,22.0,False,"[  3.05408633e-02   1.43320253e-02   1.10220099e-02   1.05033271e-01
   1.29329466e-02   6.75652619e-03   3.51475857e-03   6.24466815e-03
   2.52516635e-03   2.21805153e-03   1.39907866e-03   1.94506057e-03
   4.43610305e-04   5.11858045e-04   4.43610305e-04   1.02371609e-04
   0.00000000e+00   0.00000000e+00   3.41238696e-05   0.00000000e+00]"
119,low,23.0,False,"[ 0.0278828   0.0147448   0.01162571  0.10771897  0.01512287  0.00712035
  0.00277253  0.00497795  0.00239445  0.00195337  0.00113422  0.00166982
  0.00025205  0.00031506  0.00031506  0.          0.          0.          0.
  0.        ]"
120,low,0.0,True,"[  3.21926489e-02   1.26742712e-02   1.41106886e-02   1.06717364e-01
   1.33502324e-02   4.39374736e-03   2.61934939e-03   5.06970849e-03
   2.70384453e-03   1.43641741e-03   1.09843684e-03   2.28136882e-03
   3.37980566e-04   8.44951415e-04   8.44951415e-05   8.44951415e-05
   0.00000000e+00   0.00000000e+00   0.00000000e+00   0.00000000e+00]"
121,low,1.0,True,"[  3.14863676e-02   1.32805629e-02   1.33685136e-02   1.05364996e-01
   1.35444151e-02   5.71679859e-03   2.55057168e-03   5.80474934e-03
   1.93491645e-03   1.84696570e-03   1.05540897e-03   2.46262093e-03
   4.39753738e-04   1.05540897e-03   0.00000000e+00   8.79507476e-05
   0.00000000e+00   0.00000000e+00   0.00000000e+00   0.00000000e+00]"
122,low,2.0,True,"[ 0.03007117  0.01316726  0.01450178  0.10880783  0.01218861  0.00418149
  0.00338078  0.00498221  0.00169039  0.00169039  0.00097865  0.00275801
  0.00017794  0.00097865  0.0002669   0.00017794  0.          0.          0.
  0.        ]"
123,low,3.0,True,"[ 0.03311258  0.01156733  0.01518764  0.10622517  0.01218543  0.00370861
  0.00282561  0.00618102  0.00247241  0.0010596   0.0013245   0.00247241
  0.0007064   0.0004415   0.0003532   0.0001766   0.          0.          0.
  0.        ]"
124,low,4.0,True,"[ 0.03341646  0.01356608  0.01426434  0.10783042  0.01097257  0.00448878
  0.00239401  0.00498753  0.00239401  0.00119701  0.00069825  0.00219451
  0.00029925  0.00069825  0.00029925  0.00029925  0.          0.          0.
  0.        ]"
125,low,5.0,True,"[ 0.0351706   0.0111986   0.01399825  0.10953631  0.01181102  0.0032371
  0.00262467  0.00454943  0.0023622   0.00052493  0.00087489  0.00279965
  0.00052493  0.00043745  0.00017498  0.00017498  0.          0.          0.
  0.        ]"
126,low,6.0,True,"[  3.11446318e-02   1.29547471e-02   1.32209406e-02   1.10115350e-01
   1.44631766e-02   4.61401952e-03   2.04081633e-03   4.61401952e-03
   2.12954747e-03   1.06477374e-03   1.06477374e-03   1.77462289e-03
   8.87311446e-05   4.43655723e-04   1.77462289e-04   8.87311446e-05
   0.00000000e+00   0.00000000e+00   0.00000000e+00   0.00000000e+00]"
127,low,7.0,True,"[  3.04469274e-02   1.19180633e-02   1.38733706e-02   1.07821229e-01
   1.50837989e-02   4.74860335e-03   3.16573557e-03   4.46927374e-03
   2.32774674e-03   1.21042831e-03   1.39664804e-03   2.60707635e-03
   9.31098696e-05   8.37988827e-04   0.00000000e+00   0.00000000e+00
   0.00000000e+00   0.00000000e+00   0.00000000e+00   0.00000000e+00]"
128,low,8.0,True,"[  3.07692308e-02   1.18409680e-02   1.33967156e-02   1.07865169e-01
   1.48660328e-02   4.75367329e-03   2.42005186e-03   5.18582541e-03
   2.59291271e-03   1.64217805e-03   1.21002593e-03   2.85220398e-03
   0.00000000e+00   4.32152118e-04   8.64304235e-05   8.64304235e-05
   0.00000000e+00   0.00000000e+00   0.00000000e+00   0.00000000e+00]"
129,low,9.0,True,"[  3.18666049e-02   1.36174155e-02   1.41732283e-02   1.05882353e-01
   1.28763316e-02   5.55812876e-03   2.59379342e-03   5.65076424e-03
   1.66743863e-03   1.29689671e-03   7.41083835e-04   2.31588698e-03
   5.55812876e-04   9.26354794e-04   1.85270959e-04   9.26354794e-05
   0.00000000e+00   0.00000000e+00   0.00000000e+00   0.00000000e+00]"
130,low,10.0,True,"[ 0.0324602   0.01212121  0.01376477  0.10385208  0.01366204  0.00451977
  0.0027735   0.00657422  0.00297894  0.0009245   0.00174628  0.00328711
  0.00061633  0.00030817  0.00020544  0.00020544  0.          0.          0.
  0.        ]"
131,low,11.0,True,"[ 0.0332486   0.01179461  0.01352313  0.10482969  0.0132181   0.00610066
  0.00254194  0.00569395  0.00233859  0.00203355  0.0009151   0.00233859
  0.00030503  0.0009151   0.00020336  0.          0.          0.          0.
  0.        ]"
132,low,12.0,True,"[  3.19223986e-02   1.19929453e-02   1.37566138e-02   1.07760141e-01
   1.34920635e-02   5.02645503e-03   2.64550265e-03   5.82010582e-03
   2.38095238e-03   7.93650794e-04   7.05467372e-04   1.85185185e-03
   3.52733686e-04   9.70017637e-04   4.40917108e-04   8.81834215e-05
   0.00000000e+00   0.00000000e+00   0.00000000e+00   0.00000000e+00]"
133,low,13.0,True,"[  3.32578160e-02   1.35024921e-02   1.34118713e-02   1.02854554e-01
   1.44993203e-02   3.89669234e-03   3.62483009e-03   6.88717716e-03
   2.17489805e-03   1.44993203e-03   7.24966017e-04   1.99365655e-03
   5.43724513e-04   7.24966017e-04   1.81241504e-04   1.81241504e-04
   0.00000000e+00   0.00000000e+00   9.06207522e-05   0.00000000e+00]"
134,low,14.0,True,"[ 0.03388535  0.01286624  0.0133758   0.10369427  0.01248408  0.0056051
  0.00267516  0.00573248  0.00305732  0.00140127  0.00076433  0.00267516
  0.00038217  0.00063694  0.00038217  0.00025478  0.00012739  0.          0.
  0.        ]"
135,low,15.0,True,"[ 0.03157344  0.01359122  0.012023    0.10036592  0.01484579  0.00805018
  0.00209096  0.00627287  0.00282279  0.0021955   0.00146367  0.0026137
  0.0002091   0.00135912  0.00010455  0.00041819  0.          0.          0.
  0.        ]"
136,low,16.0,True,"[  3.06323185e-02   1.16159251e-02   1.33021077e-02   1.06885246e-01
   1.43325527e-02   5.33957845e-03   2.90398126e-03   4.87119438e-03
   2.71662763e-03   1.68618267e-03   1.12412178e-03   3.27868852e-03
   1.87353630e-04   7.49414520e-04   2.81030445e-04   9.36768150e-05
   0.00000000e+00   0.00000000e+00   0.00000000e+00   0.00000000e+00]"
137,low,17.0,True,"[  2.86731968e-02   1.47818344e-02   1.08637578e-02   1.08014248e-01
   1.40694568e-02   6.32235085e-03   3.11665183e-03   5.25378451e-03
   2.04808549e-03   1.86999110e-03   1.33570793e-03   1.86999110e-03
   0.00000000e+00   1.42475512e-03   2.67141585e-04   8.90471950e-05
   0.00000000e+00   0.00000000e+00   0.00000000e+00   0.00000000e+00]"
138,low,18.0,True,"[ 0.03003442  0.01497418  0.01488812  0.09922547  0.01876076  0.00662651
  0.00189329  0.00576592  0.00197935  0.00163511  0.00086059  0.0020654   0.
  0.00111876  0.00017212  0.          0.          0.          0.          0.        ]"
139,low,19.0,True,"[  3.11155578e-02   1.18059030e-02   1.53076538e-02   1.08854427e-01
   1.23061531e-02   4.70235118e-03   2.80140070e-03   5.30265133e-03
   2.30115058e-03   8.00400200e-04   1.00050025e-03   3.30165083e-03
   1.00050025e-04   1.00050025e-04   1.00050025e-04   1.00050025e-04
   0.00000000e+00   0.00000000e+00   0.00000000e+00   0.00000000e+00]"
140,low,20.0,True,"[ 0.03214128  0.01253863  0.01368653  0.10905077  0.01200883  0.00512141
  0.0019426   0.00591611  0.0019426   0.0009713   0.0012362   0.00203091
  0.0002649   0.0006181   0.0001766   0.0003532   0.          0.          0.
  0.        ]"
141,low,21.0,True,"[  3.09659091e-02   1.32575758e-02   1.37310606e-02   1.07007576e-01
   1.42045455e-02   3.97727273e-03   3.88257576e-03   6.15530303e-03
   1.89393939e-03   1.23106061e-03   7.57575758e-04   2.08333333e-03
   9.46969697e-05   1.89393939e-04   9.46969697e-05   4.73484848e-04
   0.00000000e+00   0.00000000e+00   0.00000000e+00   0.00000000e+00]"
142,low,22.0,True,"[ 0.02874088  0.01459854  0.01222628  0.11094891  0.01377737  0.00410584
  0.00383212  0.0044708   0.00182482  0.00155109  0.00063869  0.00191606
  0.00018248  0.00063869  0.          0.00054745  0.          0.          0.
  0.        ]"
143,low,23.0,True,"[  2.77486911e-02   1.44851658e-02   1.50087260e-02   1.05235602e-01
   1.43106457e-02   5.06108202e-03   3.66492147e-03   5.58464223e-03
   2.53054101e-03   1.65794066e-03   1.30890052e-03   1.83246073e-03
   4.36300175e-04   7.85340314e-04   8.72600349e-05   2.61780105e-04
   0.00000000e+00   0.00000000e+00   0.00000000e+00   0.00000000e+00]"
144,very_high,0.0,False,"[  4.71607315e-03   6.73724735e-04   6.41642605e-05   1.86076355e-03
   8.24510748e-03   6.22393327e-03   7.28264357e-03   1.04908566e-02
   1.10041707e-02   9.97754251e-03   1.35386590e-02   1.18703882e-02
   7.18639718e-03   7.69971126e-03   1.39878088e-02   6.58325313e-02
   1.46936157e-02   1.53994225e-03   2.53448829e-03   5.77478345e-04]"
145,very_high,1.0,False,"[  4.46085218e-03   4.61467467e-04   9.22934933e-05   1.13828642e-03
   8.55253038e-03   5.99907707e-03   6.67589602e-03   9.69081680e-03
   1.01215198e-02   1.02445778e-02   1.35979080e-02   1.26749731e-02
   7.87571143e-03   7.87571143e-03   1.46131364e-02   6.68204892e-02
   1.48900169e-02   1.47669589e-03   2.03045685e-03   7.07583449e-04]"
146,very_high,2.0,False,"[  3.65411876e-03   8.50527642e-04   9.45030713e-05   1.48054812e-03
   7.30823752e-03   5.73318633e-03   6.61521499e-03   9.35580406e-03
   1.02378327e-02   1.06473460e-02   1.28209167e-02   1.25374075e-02
   7.62324776e-03   8.31627028e-03   1.47109781e-02   6.93967554e-02
   1.43014648e-02   1.76405733e-03   1.73255631e-03   8.19026618e-04]"
147,very_high,3.0,False,"[ 0.00483632  0.0009212   0.0001316   0.00141471  0.00674453  0.00513242
  0.00631683  0.00868564  0.00987004  0.00973844  0.01447607  0.01339036
  0.00740253  0.00776443  0.01510117  0.0677085   0.01575917  0.00194111
  0.00167791  0.000987  ]"
148,very_high,4.0,False,"[ 0.00494157  0.00083472  0.00016694  0.00146912  0.0054424   0.00524207
  0.00594324  0.00841402  0.01011686  0.00874791  0.01342237  0.01238731
  0.00711185  0.00828047  0.01592654  0.07125209  0.01572621  0.00166945
  0.00207012  0.00083472]"
149,very_high,5.0,False,"[  4.10289808e-03   5.86128297e-04   6.51253663e-05   1.00944318e-03
   8.43373494e-03   5.69846955e-03   6.96841420e-03   9.21523934e-03
   1.07131228e-02   9.57342885e-03   1.36112016e-02   1.28296972e-02
   7.65223054e-03   8.46629762e-03   1.57929013e-02   6.61673722e-02
   1.49788343e-02   1.26994464e-03   2.21426246e-03   6.51253663e-04]"
150,very_high,6.0,False,"[ 0.00453276  0.00088685  0.00013138  0.00137954  0.00745607  0.00650353
  0.00729184  0.00919691  0.01067499  0.00972245  0.01392675  0.01152899
  0.00689768  0.00860568  0.01471506  0.06651338  0.01484644  0.00167515
  0.0024963   0.00101823]"
151,very_high,7.0,False,"[ 0.00425233  0.0010543   0.00014057  0.00168687  0.00973467  0.00804779
  0.00850466  0.01099982  0.01194869  0.01050782  0.01465472  0.01349499
  0.00720436  0.00818837  0.01314356  0.05939202  0.0129327   0.00144087
  0.00175716  0.00091372]"
152,very_high,8.0,False,"[  3.92661732e-03   5.47151593e-04   9.65561635e-05   9.33376247e-04
   7.82104924e-03   6.08303830e-03   7.01641455e-03   9.10846476e-03
   1.05889926e-02   9.84872868e-03   1.40006437e-02   1.22304474e-02
   6.82330222e-03   7.33826843e-03   1.52236884e-02   6.82008368e-02
   1.52558738e-02   1.96330866e-03   2.09205021e-03   9.01190859e-04]"
153,very_high,9.0,False,"[ 0.0045191   0.00080274  0.00014865  0.00133789  0.00567861  0.00591646
  0.00547049  0.00850305  0.0091274   0.00871116  0.01421139  0.01129776
  0.0082652   0.00811655  0.01584659  0.07090828  0.01522224  0.0021109
  0.00255686  0.0012487 ]"
154,very_high,10.0,False,"[ 0.00450323  0.00078728  0.00015746  0.00132263  0.00403086  0.00440875
  0.00488112  0.00699103  0.00828216  0.00897496  0.01303732  0.0116832
  0.00878602  0.00872304  0.01722563  0.07507479  0.01568257  0.00163754
  0.00251929  0.00129114]"
155,very_high,11.0,False,"[ 0.0047599   0.00075598  0.000168    0.00078398  0.00408792  0.00431191
  0.00464791  0.00711186  0.00806384  0.00867983  0.01346773  0.01206776
  0.00926781  0.0101078   0.01763965  0.07246255  0.01570769  0.00204396
  0.00274395  0.00111998]"
156,very_high,12.0,False,"[ 0.00584864  0.00052902  0.00026451  0.0008817   0.00411462  0.0044673
  0.00526084  0.00673035  0.00749449  0.00852314  0.0131374   0.01307862
  0.00952241  0.00937546  0.01725202  0.07227039  0.01554739  0.00193975
  0.00235121  0.00141073]"
157,very_high,13.0,False,"[ 0.00536642  0.00069244  0.00020196  0.00095211  0.00487594  0.00467398
  0.00476053  0.007588    0.00983843  0.0101558   0.01442585  0.01358915
  0.00879977  0.00954991  0.01788806  0.06699365  0.01485863  0.00138488
  0.00225043  0.00115407]"
158,very_high,14.0,False,"[ 0.00499497  0.00046933  0.00033523  0.00184378  0.00660409  0.00516259
  0.00499497  0.0074757   0.01039222  0.00995642  0.01679517  0.01518605
  0.00871606  0.00952062  0.01713041  0.06225277  0.01334227  0.0015756
  0.00227958  0.00097218]"
159,very_high,15.0,False,"[ 0.00429114  0.00059416  0.00016504  0.00161743  0.0067998   0.00597458
  0.00617264  0.00854927  0.01039776  0.01079386  0.01666942  0.01491995
  0.01125598  0.00934148  0.01594322  0.05984486  0.01178412  0.00125433
  0.00260769  0.00102327]"
160,very_high,16.0,False,"[ 0.0047074   0.00074158  0.00025794  0.00135418  0.00535225  0.00548122
  0.00509431  0.00796389  0.00931807  0.01151056  0.01360632  0.01347735
  0.00960825  0.00915686  0.01763663  0.06641947  0.01334838  0.00132194
  0.00248267  0.00116073]"
161,very_high,17.0,False,"[ 0.00425089  0.00077289  0.00020809  0.00175386  0.00502378  0.00630202
  0.00529132  0.00755054  0.00989893  0.01186088  0.01521998  0.01438763
  0.01028537  0.00832342  0.01753864  0.06340666  0.01340666  0.00115933
  0.00228894  0.00107015]"
162,very_high,18.0,False,"[ 0.0045497   0.00093487  0.00034279  0.00127766  0.00442505  0.0057962
  0.00598317  0.008445    0.00978498  0.01043939  0.01502026  0.01321284
  0.00825802  0.00797756  0.01642256  0.0672172   0.01421003  0.0019009
  0.0026488   0.00115301]"
163,very_high,19.0,False,"[ 0.00441062  0.00065228  0.00046591  0.00149091  0.00642957  0.00633639
  0.00698866  0.00888337  0.00965989  0.01093337  0.01332505  0.01456748
  0.00872806  0.00720609  0.01562354  0.06581767  0.01416369  0.00127349
  0.00211213  0.00093182]"
164,very_high,20.0,False,"[ 0.00436995  0.0004789   0.00017959  0.00191559  0.00661479  0.007393
  0.0068243   0.00856031  0.01053577  0.01017659  0.01275067  0.01242143
  0.00897935  0.00817121  0.01577372  0.06542951  0.01493565  0.00113738
  0.00242442  0.00092787]"
165,very_high,21.0,False,"[ 0.0042995   0.00096519  0.00040948  0.00216438  0.00763381  0.00734133
  0.00804329  0.0095057   0.01079263  0.01050015  0.01415619  0.01319099
  0.00833577  0.00728283  0.01427318  0.06270839  0.01436092  0.00111144
  0.00225212  0.00067271]"
166,very_high,22.0,False,"[ 0.00538197  0.0006877   0.0003887   0.00230229  0.00651816  0.00702646
  0.00699656  0.00882045  0.00929885  0.01001644  0.01357453  0.01345493
  0.00813276  0.00714606  0.01542832  0.06506204  0.01503962  0.00149499
  0.00239199  0.0008372 ]"
167,very_high,23.0,False,"[ 0.0045413   0.00064005  0.00018287  0.00176775  0.00722341  0.0073758
  0.00786346  0.0086559   0.01054557  0.00938738  0.01402012  0.01264858
  0.00682719  0.00719293  0.0143249   0.06629077  0.01627553  0.00131058
  0.0021335   0.00079244]"
168,very_high,0.0,True,"[ 0.00641523  0.00098696  0.00035249  0.00140994  0.00620374  0.00634473
  0.00719069  0.00810716  0.01022207  0.00979908  0.0117025   0.01240747
  0.00655622  0.00641523  0.01522735  0.06915756  0.01720127  0.00098696
  0.00204441  0.00126895]"
169,very_high,1.0,True,"[ 0.00599047  0.00047651  0.00020422  0.00142954  0.00578625  0.00701157
  0.0059224   0.009258    0.00918993  0.0089857   0.01143635  0.01089176
  0.00762423  0.00680735  0.01654187  0.07113683  0.01742682  0.0010211
  0.00224643  0.00061266]"
170,very_high,2.0,True,"[ 0.00698985  0.00082676  0.0003758   0.00195415  0.00586246  0.00774145
  0.00646374  0.00834273  0.00909433  0.01059752  0.01360391  0.01127396
  0.00796693  0.00751597  0.01518226  0.06651635  0.01615934  0.00060128
  0.00195415  0.00097708]"
171,very_high,3.0,True,"[ 0.0057971   0.00096618  0.00048309  0.0015873   0.00559006  0.00607315
  0.00641822  0.00752243  0.00814355  0.00966184  0.01249137  0.01076605
  0.00752243  0.00772947  0.01573499  0.07239476  0.01711525  0.00075914
  0.00248447  0.00075914]"
172,very_high,4.0,True,"[ 0.00590534  0.00034737  0.00043422  0.00147634  0.00660009  0.00790274
  0.00781589  0.00911854  0.00825011  0.01068172  0.01181068  0.01094225
  0.00877117  0.00807642  0.01415545  0.06660877  0.01693443  0.00052106
  0.00243161  0.00121581]"
173,very_high,5.0,True,"[ 0.00654397  0.00088616  0.000409    0.00109066  0.0060668   0.00661213
  0.00565781  0.00736196  0.00811179  0.01015678  0.01117928  0.00988412
  0.00715746  0.00797546  0.01554192  0.07321063  0.01826858  0.000818
  0.00211316  0.00095433]"
174,very_high,6.0,True,"[ 0.00708383  0.0008658   0.00055096  0.00133806  0.00747737  0.0077135
  0.00850059  0.00936639  0.00850059  0.01007477  0.01054703  0.01196379
  0.00661157  0.00731995  0.01353798  0.06595828  0.01810311  0.00078709
  0.00243998  0.00125935]"
175,very_high,7.0,True,"[ 0.00700201  0.00080483  0.00056338  0.00128773  0.00603622  0.00796781
  0.00668008  0.00877264  0.0098994   0.00981891  0.0122334   0.01255533
  0.00643863  0.00804829  0.01392354  0.0672837   0.01706237  0.0004829
  0.00185111  0.00128773]"
176,very_high,8.0,True,"[ 0.00688872  0.0008327   0.0005299   0.00174111  0.00719152  0.00757002
  0.00757002  0.00953823  0.00847843  0.00878123  0.01226344  0.01127933
  0.00772142  0.00711582  0.01423164  0.0669947   0.01688115  0.0009084
  0.00219531  0.0012869 ]"
177,very_high,9.0,True,"[ 0.00645629  0.00058034  0.00036271  0.00137831  0.00638375  0.00594849
  0.00623867  0.00812477  0.00856003  0.00899528  0.01211462  0.00993834
  0.00892274  0.00768952  0.01632209  0.0726877   0.01523395  0.00087051
  0.00217628  0.0010156 ]"
178,very_high,10.0,True,"[ 0.00644444  0.00051852  0.00051852  0.00125926  0.006       0.00644444
  0.00614815  0.00755556  0.00792593  0.00896296  0.012       0.01059259
  0.00674074  0.00725926  0.01614815  0.07318519  0.0182963   0.00059259
  0.00237037  0.00103704]"
179,very_high,11.0,True,"[ 0.00615621  0.00084648  0.00030781  0.00076953  0.00646402  0.00515583
  0.00454021  0.00707965  0.00884956  0.00869565  0.0115429   0.01085033
  0.00838784  0.00823394  0.01616006  0.07364371  0.01785302  0.00053867
  0.00300115  0.00092343]"
180,very_high,12.0,True,"[ 0.00573451  0.00127434  0.00014159  0.00141593  0.0060177   0.00615929
  0.00615929  0.00729204  0.0099823   0.00927434  0.01139823  0.01132743
  0.00984071  0.00835398  0.01536283  0.06888496  0.01741593  0.00070796
  0.00226549  0.00099115]"
181,very_high,13.0,True,"[  5.53608970e-03   9.81079187e-04   7.00770848e-05   1.05115627e-03
   5.95655221e-03   5.88647512e-03   5.74632095e-03   8.47932726e-03
   9.32025228e-03   1.12123336e-02   1.17028732e-02   1.24737211e-02
   8.82971268e-03   7.84863350e-03   1.69586545e-02   6.73440785e-02
   1.61878066e-02   1.54169587e-03   1.89208129e-03   9.81079187e-04]"
182,very_high,14.0,True,"[ 0.00663636  0.00072727  0.00027273  0.00136364  0.00690909  0.00618182
  0.00581818  0.00745455  0.00854545  0.00990909  0.01181818  0.01227273
  0.00790909  0.00781818  0.01572727  0.06990909  0.016       0.00072727
  0.00254545  0.00145455]"
183,very_high,15.0,True,"[ 0.00532787  0.00090164  0.00016393  0.00131148  0.00639344  0.00672131
  0.0052459   0.00983607  0.00942623  0.01016393  0.01172131  0.01336066
  0.00909836  0.00803279  0.01491803  0.06819672  0.01442623  0.00106557
  0.00229508  0.00139344]"
184,very_high,16.0,True,"[ 0.00527489  0.00089153  0.00014859  0.00111441  0.00624071  0.00438336
  0.00549777  0.0089896   0.01010401  0.01032689  0.01196137  0.01166419
  0.00802377  0.00720654  0.01656761  0.07080238  0.01597325  0.00185736
  0.00185736  0.00111441]"
185,very_high,17.0,True,"[ 0.0059453   0.00055489  0.00015854  0.00142687  0.00697582  0.00554895
  0.0051526   0.00879905  0.0124455   0.010543    0.01046373  0.0137931
  0.0097503   0.0084027   0.01498216  0.06460563  0.01498216  0.00198177
  0.00214031  0.0013476 ]"
186,very_high,18.0,True,"[  7.32657833e-03   2.33826968e-04   7.79423227e-05   1.40296181e-03
   6.46921278e-03   6.70303975e-03   7.01480904e-03   8.80748246e-03
   1.04442712e-02   9.97661730e-03   1.09898675e-02   1.42634451e-02
   9.82073266e-03   8.80748246e-03   1.44972720e-02   6.27435698e-02
   1.48869836e-02   2.02650039e-03   2.18238504e-03   1.32501949e-03]"
187,very_high,19.0,True,"[ 0.00679573  0.00047412  0.00015804  0.00181746  0.00671671  0.00663769
  0.00426709  0.00790202  0.0113789   0.00916634  0.01129988  0.01232714
  0.00576847  0.00679573  0.01469775  0.07230344  0.01675227  0.00126432
  0.00229158  0.0011853 ]"
188,very_high,20.0,True,"[ 0.00628437  0.00054988  0.00015711  0.00164965  0.0069128   0.00644148
  0.00542027  0.00919089  0.01068342  0.01084053  0.01233307  0.01186174
  0.00824823  0.0076198   0.01437549  0.06802828  0.0145326   0.00164965
  0.00204242  0.00117832]"
189,very_high,21.0,True,"[ 0.00500195  0.00093787  0.00015631  0.00132864  0.00578351  0.00539273
  0.0063306   0.00890973  0.00875342  0.01094177  0.010551    0.01180148
  0.00734662  0.0077374   0.01500586  0.07338804  0.01586557  0.00156311
  0.00226651  0.00093787]"
190,very_high,22.0,True,"[ 0.00615247  0.00115916  0.          0.00142666  0.00775747  0.00490415
  0.00615247  0.0076683   0.01069996  0.01069996  0.01069996  0.01194828
  0.0087383   0.0087383   0.01408827  0.06856888  0.01569327  0.00160499
  0.00240749  0.00089166]"
191,very_high,23.0,True,"[  5.73476703e-03   1.03544405e-03   7.96495420e-05   1.99123855e-03
   7.72600558e-03   5.97371565e-03   7.40740741e-03   1.07526882e-02
   1.21863799e-02   1.06730386e-02   1.13102350e-02   1.40183194e-02
   8.44285145e-03   7.64635603e-03   1.42572680e-02   6.29231382e-02
   1.40979689e-02   1.35404221e-03   1.67264038e-03   7.16845878e-04]"
192,high,0.0,False,"[  1.18954453e-03   9.39114102e-04   2.25387385e-03   1.70605729e-02
   2.93629676e-02   4.38879324e-02   3.63124120e-02   2.59821568e-02
   1.67475348e-02   1.08624198e-02   7.51291282e-03   5.75989983e-03
   6.57379872e-04   4.69557051e-04   2.81734231e-04   4.69557051e-04
   1.87822820e-04   0.00000000e+00   6.26076068e-05   0.00000000e+00]"
193,high,1.0,False,"[  1.46121561e-03   9.94870201e-04   2.30063734e-03   1.80942018e-02
   3.09031556e-02   4.19710866e-02   3.42608425e-02   2.67682263e-02
   1.66018965e-02   1.07259443e-02   8.02114099e-03   6.00031090e-03
   7.77242344e-04   3.41986631e-04   1.86538163e-04   3.10896938e-04
   1.55448469e-04   6.21793875e-05   0.00000000e+00   6.21793875e-05]"
194,high,2.0,False,"[  1.34357006e-03   1.02367242e-03   2.39923225e-03   1.78502879e-02
   3.06461932e-02   4.31222009e-02   3.40690979e-02   2.69993602e-02
   1.68266155e-02   1.12923864e-02   7.10172745e-03   5.50223928e-03
   4.47856686e-04   6.07805502e-04   1.91938580e-04   4.47856686e-04
   0.00000000e+00   0.00000000e+00   6.39795266e-05   6.39795266e-05]"
195,high,3.0,False,"[  1.48948054e-03   1.15434742e-03   2.75553901e-03   1.89536399e-02
   2.96406628e-02   4.13330851e-02   3.35877863e-02   2.82256563e-02
   1.77248185e-02   1.00912307e-02   7.70806181e-03   5.58555204e-03
   5.58555204e-04   5.58555204e-04   2.60659095e-04   2.60659095e-04
   0.00000000e+00   0.00000000e+00   3.72370136e-05   7.44740272e-05]"
196,high,4.0,False,"[  1.14239086e-03   7.75193798e-04   2.93757650e-03   1.65238678e-02
   2.77845777e-02   4.16156671e-02   3.59445124e-02   2.73765810e-02
   1.75438596e-02   1.17503060e-02   8.60873113e-03   5.63035496e-03
   6.52794778e-04   4.89596083e-04   2.03998368e-04   6.52794778e-04
   1.63198694e-04   4.07996736e-05   8.15993472e-05   8.15993472e-05]"
197,high,5.0,False,"[  1.52418820e-03   5.63286945e-04   2.65076209e-03   1.76607025e-02
   3.07819748e-02   4.15506958e-02   3.31345262e-02   2.80980782e-02
   1.67992048e-02   1.16964877e-02   7.98542081e-03   5.26838966e-03
   1.06030484e-03   5.30152419e-04   2.31941683e-04   2.98210736e-04
   3.31345262e-05   0.00000000e+00   6.62690524e-05   6.62690524e-05]"
198,high,6.0,False,"[  1.69844021e-03   1.03986135e-03   2.73830156e-03   1.77469671e-02
   2.91161179e-02   4.13864818e-02   3.44194107e-02   2.73830156e-02
   1.75389948e-02   1.11611785e-02   7.69497400e-03   5.99653380e-03
   6.93240901e-04   7.27902946e-04   2.42634315e-04   1.73310225e-04
   1.73310225e-04   0.00000000e+00   6.93240901e-05   0.00000000e+00]"
199,high,7.0,False,"[  1.58932879e-03   8.51426139e-04   1.95828012e-03   1.82772811e-02
   3.25812402e-02   4.03575990e-02   3.57031361e-02   2.55995459e-02
   1.79650915e-02   1.06144459e-02   7.26550305e-03   5.30722293e-03
   5.67617426e-04   7.94664396e-04   2.27046970e-04   2.55427842e-04
   5.67617426e-05   0.00000000e+00   2.83808713e-05   0.00000000e+00]"
200,high,8.0,False,"[  1.77281681e-03   8.20748523e-04   3.05318450e-03   1.70059094e-02
   2.93499672e-02   3.98227183e-02   3.58831254e-02   2.70518713e-02
   1.72685489e-02   1.06369009e-02   8.92974393e-03   5.25279054e-03
   1.01772817e-03   9.19238345e-04   4.59619173e-04   6.56598818e-04
   3.28299409e-05   0.00000000e+00   6.56598818e-05   0.00000000e+00]"
201,high,9.0,False,"[  1.40869871e-03   1.05652404e-03   1.79609086e-03   1.55309033e-02
   2.72231027e-02   3.81053002e-02   3.66261666e-02   2.63778834e-02
   1.76087339e-02   1.24317662e-02   9.79045607e-03   6.23349181e-03
   1.62000352e-03   1.26782884e-03   1.62000352e-03   9.50871632e-04
   1.05652404e-04   7.04349357e-05   1.05652404e-04   7.04349357e-05]"
202,high,10.0,False,"[ 0.00164481  0.000489    0.00186708  0.01466993  0.02351634  0.03503001
  0.03129584  0.02809513  0.02031563  0.01324739  0.01164703  0.00920204
  0.00164481  0.00208935  0.00280062  0.00133363  0.00013336  0.00053345
  0.00017782  0.00026673]"
203,high,11.0,False,"[ 0.00147965  0.00094533  0.00156186  0.01565968  0.02018085  0.0325113
  0.02856556  0.02860666  0.02207152  0.01393342  0.01524866  0.00933005
  0.00152076  0.0027949   0.00250719  0.00102754  0.00053432  0.00069873
  0.00024661  0.00057542]"
204,high,12.0,False,"[ 0.00245399  0.0012693   0.00160779  0.01683943  0.01916649  0.03080178
  0.02517453  0.02809393  0.02208589  0.01565475  0.0154432   0.00998519
  0.00198858  0.00266554  0.00241168  0.00186165  0.00071927  0.00088851
  0.00055003  0.00033848]"
205,high,13.0,False,"[ 0.00212802  0.00078943  0.00151021  0.01541102  0.01801956  0.03123391
  0.02790458  0.02886563  0.02107431  0.01719581  0.01472456  0.00974773
  0.00326068  0.00195641  0.00264287  0.00147589  0.00051484  0.00085807
  0.00030891  0.00037755]"
206,high,14.0,False,"[ 0.00241538  0.00088988  0.001017    0.01255363  0.01830605  0.03108215
  0.02949309  0.02650564  0.02110281  0.01779755  0.01662164  0.01036072
  0.00232004  0.0034006   0.0023836   0.00143016  0.0008581   0.00063563
  0.00038138  0.00044494]"
207,high,15.0,False,"[ 0.00268931  0.00056617  0.00124558  0.01302194  0.01939137  0.02932767
  0.02717622  0.02646851  0.02092003  0.01930644  0.01763623  0.01047417
  0.00351026  0.00192498  0.00268931  0.00144374  0.0003397   0.00082095
  0.00059448  0.00045294]"
208,high,16.0,False,"[ 0.00202793  0.0012633   0.0015625   0.01492686  0.02150931  0.03134973
  0.02759309  0.02539894  0.02224069  0.01761968  0.01442819  0.01023936
  0.0028258   0.00222739  0.0015625   0.00123005  0.0002992   0.00073138
  0.00039894  0.00056516]"
209,high,17.0,False,"[ 0.00242819  0.00082914  0.00165828  0.01602014  0.02188333  0.03289902
  0.02973053  0.02641398  0.02197216  0.01610897  0.01332544  0.00805449
  0.0017175   0.00180634  0.00177672  0.00115487  0.00056263  0.00062185
  0.00050341  0.00053302]"
210,high,18.0,False,"[ 0.00196271  0.00098135  0.00209356  0.01615963  0.02073929  0.03493621
  0.03091266  0.02646385  0.02044488  0.01642133  0.0116454   0.00922473
  0.00124305  0.00176644  0.00193     0.00088322  0.00029441  0.00088322
  0.00042525  0.00058881]"
211,high,19.0,False,"[ 0.00194815  0.00103692  0.00241948  0.01542812  0.02444619  0.03714061
  0.03283582  0.02702278  0.01803614  0.01344855  0.01219167  0.00754124
  0.00113119  0.00125687  0.00175962  0.00069128  0.00040848  0.00050275
  0.00047133  0.0002828 ]"
212,high,20.0,False,"[ 0.00208107  0.00090076  0.00257804  0.016369    0.02724025  0.0402547
  0.03376301  0.02587358  0.01764249  0.01236217  0.01040534  0.00621214
  0.00099394  0.00105606  0.00068334  0.00046591  0.00031061  0.00031061
  0.00024849  0.00024849]"
213,high,21.0,False,"[ 0.0016933   0.00092858  0.00253994  0.01750649  0.02864946  0.04093951
  0.03479448  0.02468933  0.0180254   0.01147071  0.00920388  0.00622696
  0.00084665  0.00101051  0.00051891  0.00032773  0.00013656  0.00010924
  0.00019118  0.00019118]"
214,high,22.0,False,"[  1.99068871e-03   1.05956012e-03   2.79338578e-03   1.51228127e-02
   2.82549366e-02   4.19650024e-02   3.45801894e-02   2.61037085e-02
   1.83657088e-02   1.07882485e-02   9.08653074e-03   7.09584203e-03
   9.95344357e-04   7.70589180e-04   4.17402472e-04   3.53186707e-04
   9.63236475e-05   6.42157650e-05   9.63236475e-05   0.00000000e+00]"
215,high,23.0,False,"[  1.40522377e-03   7.33160226e-04   3.02428593e-03   1.59462349e-02
   2.85016038e-02   4.29204216e-02   3.52527875e-02   2.65770582e-02
   1.84817474e-02   1.06613716e-02   7.85092409e-03   6.41515198e-03
   7.63708569e-04   5.19321827e-04   3.05483428e-04   3.36031770e-04
   1.83290057e-04   6.10966855e-05   0.00000000e+00   6.10966855e-05]"
216,high,0.0,True,"[  1.56314274e-03   4.11353353e-04   4.44261621e-03   2.08144796e-02
   2.73138626e-02   3.86672151e-02   3.16742081e-02   2.66556972e-02
   2.21308104e-02   1.17647059e-02   7.65117236e-03   5.26532291e-03
   9.04977376e-04   0.00000000e+00   5.75894694e-04   8.22706705e-05
   0.00000000e+00   8.22706705e-05   0.00000000e+00   0.00000000e+00]"
217,high,1.0,True,"[ 0.00205508  0.00073983  0.00320592  0.02178381  0.02614057  0.03904644
  0.03337443  0.02531854  0.01989314  0.01208385  0.0082203   0.00608303
  0.00098644  0.00016441  0.00057542  0.00016441  0.          0.00016441
  0.          0.        ]"
218,high,2.0,True,"[ 0.002761    0.00060397  0.00319241  0.02217429  0.03062985  0.03934426
  0.0354616   0.02364107  0.01570319  0.01113028  0.00793788  0.00595341
  0.00051769  0.00025884  0.00034513  0.00017256  0.          0.00017256
  0.          0.        ]"
219,high,3.0,True,"[ 0.00297073  0.00043687  0.0037571   0.02201835  0.02944517  0.0395806
  0.03433814  0.02586282  0.01494102  0.01013543  0.00847532  0.00698995
  0.0003495   0.00026212  0.00043687  0.          0.          0.          0.
  0.        ]"
220,high,4.0,True,"[ 0.00331187  0.00036799  0.00312787  0.02474701  0.02842686  0.03928243
  0.03302668  0.02391904  0.01766329  0.01067157  0.00671573  0.00699172
  0.00064397  0.00045998  0.00064397  0.          0.          0.          0.
  0.        ]"
221,high,5.0,True,"[ 0.00365631  0.00073126  0.00265082  0.02294333  0.02989031  0.03720293
  0.03510055  0.023766    0.01627057  0.01023766  0.0095064   0.00630713
  0.00027422  0.00054845  0.00063985  0.00027422  0.          0.          0.
  0.        ]"
222,high,6.0,True,"[ 0.00252419  0.00058898  0.00269247  0.02431637  0.03399243  0.03819941
  0.03230963  0.0216239   0.01741691  0.01068574  0.00757257  0.00639462
  0.00025242  0.0004207   0.00058898  0.0004207   0.          0.          0.
  0.        ]"
223,high,7.0,True,"[  3.31392745e-03   1.07478728e-03   3.04523063e-03   2.25705329e-02
   2.91983878e-02   3.79758173e-02   3.31392745e-02   2.40035826e-02
   1.70174653e-02   1.10165696e-02   9.31482311e-03   6.62785490e-03
   1.79131214e-04   8.95656068e-04   3.58262427e-04   1.79131214e-04
   0.00000000e+00   0.00000000e+00   0.00000000e+00   8.95656068e-05]"
224,high,8.0,True,"[ 0.00355225  0.00024783  0.00330442  0.02329616  0.03155721  0.03800083
  0.03320942  0.0228005   0.01668732  0.01049153  0.00925238  0.00636101
  0.00041305  0.00016522  0.00049566  0.00016522  0.          0.          0.
  0.        ]"
225,high,9.0,True,"[ 0.00230803  0.00062139  0.00337328  0.02006214  0.02893919  0.04376387
  0.03160231  0.02370173  0.01731025  0.01047492  0.00861074  0.00719041
  0.00053262  0.00053262  0.00053262  0.00044385  0.          0.          0.
  0.        ]"
226,high,10.0,True,"[ 0.00234489  0.00068393  0.00312653  0.02393747  0.0295066   0.03917929
  0.02901808  0.02550073  0.0171959   0.0123107   0.00869565  0.00625305
  0.00078163  0.00039082  0.00058622  0.00048852  0.          0.          0.
  0.        ]"
227,high,11.0,True,"[ 0.00183486  0.00040775  0.00377166  0.0196738   0.02589195  0.04199796
  0.03414883  0.02426096  0.0166157   0.01141692  0.01060143  0.00713558
  0.00091743  0.00030581  0.00061162  0.00040775  0.          0.          0.
  0.        ]"
228,high,12.0,True,"[  2.31859167e-03   8.58737656e-04   3.43495062e-03   2.55045084e-02
   3.09145556e-02   3.66680979e-02   3.28896522e-02   2.17260627e-02
   1.65736368e-02   1.03907256e-02   8.93087162e-03   7.38514384e-03
   5.15242593e-04   6.86990125e-04   6.86990125e-04   3.43495062e-04
   8.58737656e-05   8.58737656e-05   0.00000000e+00   0.00000000e+00]"
229,high,13.0,True,"[ 0.00164948  0.00065979  0.0025567   0.02457732  0.02680412  0.03670103
  0.03406186  0.02375258  0.0182268   0.0105567   0.01039175  0.00717526
  0.00049485  0.00082474  0.00082474  0.0003299   0.          0.00024742
  0.00016495  0.        ]"
230,high,14.0,True,"[ 0.00171331  0.0005711   0.00365505  0.0256996   0.02535694  0.03563678
  0.03095374  0.0245574   0.0195317   0.01085094  0.0106225   0.00765277
  0.0005711   0.0005711   0.0011422   0.00045688  0.00022844  0.00011422
  0.00011422  0.        ]"
231,high,15.0,True,"[ 0.00247148  0.0006654   0.00237643  0.01929658  0.02480989  0.03973384
  0.03193916  0.02414449  0.01910646  0.01178707  0.01093156  0.0088403
  0.00104563  0.00057034  0.00104563  0.00038023  0.00019011  0.00019011
  0.00028517  0.00019011]"
232,high,16.0,True,"[  2.00477327e-03   6.68257757e-04   2.67303103e-03   2.16706444e-02
   2.61575179e-02   3.81861575e-02   3.41766110e-02   2.40572792e-02
   1.58472554e-02   1.15513126e-02   1.25059666e-02   7.54176611e-03
   7.63723150e-04   5.72792363e-04   2.86396181e-04   4.77326969e-04
   1.90930788e-04   1.90930788e-04   9.54653938e-05   3.81861575e-04]"
233,high,17.0,True,"[  2.45762712e-03   6.77966102e-04   1.94915254e-03   2.00847458e-02
   2.69491525e-02   4.29661017e-02   3.16101695e-02   2.35593220e-02
   1.72881356e-02   1.11016949e-02   1.03389831e-02   6.94915254e-03
   1.18644068e-03   5.08474576e-04   7.62711864e-04   6.77966102e-04
   3.38983051e-04   2.54237288e-04   8.47457627e-05   2.54237288e-04]"
234,high,18.0,True,"[ 0.00213822  0.00061092  0.00221459  0.02260405  0.02817869  0.03902253
  0.03207331  0.02321497  0.01580756  0.01282932  0.00901107  0.00870561
  0.00076365  0.00053456  0.00045819  0.00099275  0.00030546  0.00015273
  0.0002291   0.00015273]"
235,high,19.0,True,"[  2.15475024e-03   7.83545544e-04   3.91772772e-03   1.90989226e-02
   2.69343781e-02   4.20176298e-02   3.54554358e-02   2.36043095e-02
   1.65523996e-02   1.11655240e-02   8.81488737e-03   6.36630754e-03
   4.89715965e-04   4.89715965e-04   6.85602351e-04   1.07737512e-03
   9.79431929e-05   1.95886386e-04   9.79431929e-05   0.00000000e+00]"
236,high,20.0,True,"[  2.28523064e-03   5.92467203e-04   3.04697419e-03   2.20059247e-02
   2.94540838e-02   4.02031316e-02   3.38552687e-02   2.42065171e-02
   1.59966145e-02   1.17647059e-02   9.22556073e-03   5.92467203e-03
   5.92467203e-04   0.00000000e+00   3.38552687e-04   1.69276344e-04
   0.00000000e+00   8.46381718e-05   2.53914515e-04   0.00000000e+00]"
237,high,21.0,True,"[ 0.00111784  0.00065207  0.00288775  0.02226362  0.02990219  0.04014905
  0.03148579  0.02533768  0.01667443  0.01173731  0.00987424  0.00605496
  0.00046577  0.00027946  0.00046577  0.00018631  0.00027946  0.
  0.00018631  0.        ]"
238,high,22.0,True,"[ 0.0014273   0.00080285  0.00321142  0.02247993  0.03024086  0.04362177
  0.03131133  0.02462087  0.01775201  0.00856378  0.00776093  0.00624442
  0.00071365  0.00044603  0.00053524  0.00026762  0.          0.          0.
  0.        ]"
239,high,23.0,True,"[ 0.00143667  0.00060491  0.00287335  0.02268431  0.03039698  0.0384121
  0.03153119  0.02298677  0.01928166  0.01149338  0.00922495  0.00695652
  0.00120983  0.00045369  0.00045369  0.          0.          0.          0.
  0.        ]"
