group,hour,weekend,0,5,10,15,20,25,30,35,40,45,50,55,60,65,70,75,80,85,90,95
"""0-20""",0:00,FALSE,0.74745098,0.830588235,0.895843137,0.926117647,0.943529412,0.953882353,0.959372549,0.972078431,0.981490196,0.986666667,0.989176471,0.991529412,0.993098039,0.996235294,0.999372549,1,1,1,1,1
"""0-20""",1:00,FALSE,0.760586563,0.840640431,0.901840491,0.93131827,0.94538381,0.953464013,0.958401915,0.968876253,0.978752057,0.983989226,0.986682628,0.989226395,0.991770163,0.995361365,0.999401466,1,1,1,1,1
"""0-20""",2:00,FALSE,0.75447648,0.835963581,0.901669196,0.927162367,0.94370258,0.953717754,0.959635812,0.968437026,0.976783005,0.982094082,0.986342944,0.98861912,0.992412747,0.996813354,1,1,1,1,1,1
"""0-20""",3:00,FALSE,0.768877216,0.847997374,0.902330926,0.927117531,0.941398555,0.952889035,0.958470125,0.967826658,0.977019041,0.981615233,0.984898227,0.987196323,0.990807617,0.995896257,0.99983585,1.00E+00,1,1,1,1
"""0-20""",4:00,FALSE,0.7733523,0.841473052,0.898055951,0.923028291,0.938043306,0.948632843,0.955429113,0.96601865,0.975817923,0.980243401,0.984036668,0.985775249,0.989094358,0.994784258,0.999525842,1.00E+00,1,1,1,1
"""0-20""",5:00,FALSE,0.754108723,0.832648546,0.897439949,0.927939317,0.942635904,0.952749684,0.958438685,0.966972187,0.978034134,0.982458913,0.985777497,0.987515803,0.990676359,0.995417193,0.999683944,1.00E+00,1,1,1,1
"""0-20""",6:00,FALSE,0.762180017,0.837654831,0.897605285,0.925681255,0.941701073,0.950949628,0.957390586,0.969281585,0.978860446,0.983815029,0.986457473,0.988439306,0.991412056,0.995375723,0.999339389,1,1,1,1,1
"""0-20""",7:00,FALSE,0.74121077,0.82181444,0.891956783,0.924712742,0.942376951,0.952495284,0.957811696,0.967930029,0.978562854,0.98302178,0.986451724,0.98850969,0.991082147,0.995712571,0.999828503,1.00E+00,1,1,1,1
"""0-20""",8:00,FALSE,0.76657252,0.843827878,0.901810932,0.928559561,0.942515368,0.951653099,0.958464861,0.967436451,0.978235587,0.98488121,0.987373318,0.989699286,0.992523675,0.996843329,0.999833859,1.00E+00,1,1,1,1
"""0-20""",9:00,FALSE,0.752741475,0.817485354,0.877121827,0.906113865,0.919032597,0.931050023,0.943217666,0.955084873,0.968003605,0.975364278,0.980922337,0.984076912,0.988132793,0.994141505,0.998347604,0.999399129,1.00E+00,1.00E+00,1,1
"""0-20""",10:00,FALSE,0.749171271,0.800947119,0.850828729,0.876400947,0.891081294,0.902920284,0.913970008,0.932596685,0.951854775,0.96101026,0.96937648,0.976164167,0.982636148,0.990528808,0.997316496,0.999052881,9.99E-01,1,1,1
"""0-20""",11:00,FALSE,0.745677635,0.794339096,0.845649749,0.871723369,0.886363636,0.898494144,0.909648634,0.928053542,0.949247072,0.960680424,0.969185722,0.976296709,0.981734523,0.989124373,0.994701617,0.997071946,0.99874512,0.999860569,1.00E+00,1
"""0-20""",12:00,FALSE,0.731215998,0.785031613,0.8403176,0.870607264,0.884575798,0.898691369,0.908395824,0.925452139,0.949713277,0.961476253,0.968387002,0.976032936,0.981326276,0.990295545,0.99632407,0.997794442,0.999558888,1.00E+00,1.00E+00,1
"""0-20""",13:00,FALSE,0.707491952,0.766022827,0.826016974,0.857769974,0.878109453,0.894644425,0.906643254,0.925665789,0.945566286,0.959321042,0.96722271,0.974392742,0.980684811,0.988147498,0.995756512,0.997512438,0.999414691,1.00E+00,1.00E+00,1
"""0-20""",14:00,FALSE,0.686892003,0.753009068,0.816652927,0.85342127,0.87502061,0.894971146,0.909480627,0.928936521,0.948392415,0.96059357,0.970651278,0.978070899,0.98582028,0.991591096,0.995713108,0.996867271,0.998351195,0.999340478,1.00E+00,1.00E+00
"""0-20""",15:00,FALSE,0.666350861,0.732354334,0.797884099,0.8342018,0.855202905,0.87667772,0.891520606,0.909995263,0.933838623,0.948365703,0.963366493,0.973630191,0.983735986,0.989262593,0.995420812,0.997315648,0.998894679,9.99E-01,0.999368388,1
"""0-20""",16:00,FALSE,0.722282863,0.784344301,0.845158272,0.873849992,0.892717917,0.903945111,0.915796039,0.93497583,0.951816622,0.964291283,0.974426945,0.981288009,0.987525339,0.992671137,0.997037268,0.997972868,9.98E-01,9.99E-01,9.99E-01,1
"""0-20""",17:00,FALSE,0.71441048,0.786317322,0.851382824,0.882532751,0.901018923,0.915138282,0.924017467,0.939592431,0.956768559,0.967103348,0.973799127,0.981368268,0.98573508,0.99286754,0.998544396,0.999272198,0.999272198,1,1,1
"""0-20""",18:00,FALSE,0.764050235,0.83689168,0.89466248,0.920094192,0.935321821,0.946467818,0.952904239,0.966405024,0.976452119,0.983359498,0.987598116,0.991365777,0.993563579,0.997174254,0.999686028,1.00E+00,1.00E+00,1,1,1
"""0-20""",19:00,FALSE,0.743860202,0.823835013,0.888224181,0.913570529,0.929943325,0.942065491,0.947890428,0.960012594,0.971190176,0.97843199,0.984099496,0.987248111,0.990711587,0.994489924,0.999685139,1.00E+00,1,1,1,1
"""0-20""",20:00,FALSE,0.751565124,0.819972515,0.88792182,0.916323103,0.929302184,0.940448923,0.945945946,0.959993892,0.971598717,0.9783173,0.981981982,0.984577798,0.989616735,0.993586807,0.999541915,1.00E+00,1,1,1,1
"""0-20""",21:00,FALSE,0.74795539,0.828847584,0.899925651,0.926542751,0.942899628,0.952862454,0.957769517,0.970111524,0.979776952,0.985427509,0.988847584,0.991524164,0.99330855,0.995687732,0.999851301,0.999851301,1.00E+00,1,1,1
"""0-20""",22:00,FALSE,0.754703007,0.82950674,0.894237891,0.920456229,0.935416975,0.945637683,0.95200711,0.963857206,0.975559176,0.982224856,0.985631758,0.988594282,0.991112428,0.995111835,0.999703748,1.00E+00,1,1,1,1
"""0-20""",23:00,FALSE,0.762509448,0.841723356,0.905517763,0.931821618,0.946636432,0.957520786,0.962811791,0.974603175,0.982464097,0.988208617,0.992743764,0.994406652,0.995464853,0.998185941,0.999697657,1.00E+00,1,1,1,1
"""0-20""",0:00,TRUE,0.78194147,0.854032834,0.901855817,0.931120628,0.938258387,0.947894361,0.951106353,0.968236974,0.97751606,0.982512491,0.983583155,0.983583155,0.985724483,0.992148465,0.999643112,1.00E+00,1,1,1,1
"""0-20""",1:00,TRUE,0.791404612,0.855345912,0.903563941,0.933263452,0.94304682,0.952131377,0.955974843,0.971698113,0.981132075,0.98602376,0.987421384,0.988120196,0.990216632,0.994060098,0.999301188,1,1,1,1,1
"""0-20""",2:00,TRUE,0.783497627,0.85505659,0.901058781,0.933552391,0.939393939,0.949981745,0.9550931,0.968236583,0.978824388,0.982840453,0.983570646,0.983570646,0.98539613,0.991967871,0.999269806,1,1,1,1,1
"""0-20""",3:00,TRUE,0.779945243,0.853867214,0.898015058,0.930527036,0.937713895,0.949007529,0.952772074,0.967145791,0.9770705,0.980835044,0.985284052,0.985284052,0.988364134,0.993155373,0.999315537,1,1,1,1,1
"""0-20""",4:00,TRUE,0.770080748,0.850828729,0.903952401,0.940926477,0.949851254,0.957501062,0.961325967,0.974500637,0.981300467,0.98640034,0.988100297,0.988950276,0.989800255,0.994475138,0.998300042,1,1,1,1,1
"""0-20""",5:00,TRUE,0.801584568,0.856011023,0.910437478,0.934894936,0.942128832,0.953840854,0.955907682,0.970719945,0.979676197,0.983809852,0.987254564,9.88E-01,0.989665863,0.994143989,0.999311058,1,1,1,1,1
"""0-20""",6:00,TRUE,0.789761626,0.858538492,0.914419695,0.951152794,0.960531458,0.968347011,0.972254787,0.981242673,0.987885893,0.993747558,0.996092224,0.996873779,0.997655334,0.999609222,0.999609222,1.00E+00,1,1,1,1
"""0-20""",7:00,TRUE,0.799288819,0.866851047,0.918609245,0.945476096,0.953773212,0.966811537,0.969972343,0.981035164,0.987356776,0.992493086,0.99486369,0.995653892,0.996444093,0.999209798,1,1,1,1,1,1
"""0-20""",8:00,TRUE,0.772552043,0.853122591,0.909791827,0.940246723,0.948342328,0.961449499,0.965304549,0.976869699,0.985736315,0.9922899,0.99614495,9.97E-01,0.996530455,0.99845798,0.999614495,1.00E+00,1,1,1,1
"""0-20""",9:00,TRUE,0.782361847,0.853898562,0.898183195,0.928084784,0.938682816,0.95003785,0.954579864,0.967827403,0.979182438,0.982210447,0.987130961,0.988266465,0.99015897,0.994700984,0.999621499,1.00E+00,1,1,1,1
"""0-20""",10:00,TRUE,0.783040489,0.844537815,0.900687548,0.925515661,0.934300993,0.947669977,0.949579832,0.962948816,0.974407945,0.981283422,0.985485103,0.986249045,0.988922842,0.993124523,0.998854087,1,1,1,1,1
"""0-20""",11:00,TRUE,0.775249501,0.84510978,0.894610778,0.925349301,0.936526946,0.947305389,0.951297405,0.964071856,0.973652695,0.980838323,0.985628743,0.986826347,0.988423154,0.994011976,0.999600798,1.00E+00,1,1,1,1
"""0-20""",12:00,TRUE,0.774702172,0.840925018,0.891730904,0.927820603,0.93412754,0.942887176,0.946741416,0.957252978,0.969866854,0.976524177,0.979677645,0.981079187,0.98388227,0.99159075,0.998948844,0.999649615,0.999649615,1.00E+00,1,1
"""0-20""",13:00,TRUE,0.777177826,0.845212383,0.899928006,0.934845212,0.941324694,0.950683945,0.954283657,0.966522678,0.976961843,0.982361411,0.983081353,9.83E-01,0.985961123,0.991360691,0.998920086,0.999640029,0.999640029,1.00E+00,1,1
"""0-20""",14:00,TRUE,0.771107857,0.829673011,0.881405564,0.914592484,0.924841386,0.936554417,0.939970717,0.954612006,0.968277208,0.975597853,0.978038067,0.979990239,0.981454368,0.988775012,0.999023914,1,1,1,1,1
"""0-20""",15:00,TRUE,0.759661836,0.831320451,0.888486312,0.91747182,0.928341385,0.93921095,0.942834138,0.95410628,0.966988728,0.975040258,0.97826087,0.981884058,0.982689211,0.991143317,0.998389694,1,1,1,1,1
"""0-20""",16:00,TRUE,0.789709172,0.849739001,0.895973154,0.922445936,0.932140194,0.947054437,0.949291573,0.959731544,0.971662938,0.980611484,0.982102908,0.985085757,0.987695749,0.992915735,1,1,1,1,1,1
"""0-20""",17:00,TRUE,0.765451664,0.851426307,0.904912837,0.936608558,0.944928685,0.952060222,0.957210777,0.968304279,0.976228209,0.983359746,0.984944532,0.986133122,0.987321712,0.994849445,0.999603803,1.00E+00,1,1,1,1
"""0-20""",18:00,TRUE,0.755984556,0.85019305,0.902316602,0.937451737,0.946332046,0.955984556,0.961003861,0.968725869,0.977992278,0.984942085,0.986486486,0.988030888,0.98996139,0.996138996,0.999227799,1.00E+00,1.00E+00,1,1,1
"""0-20""",19:00,TRUE,0.787915653,0.871046229,0.918491484,0.945660989,0.95701541,0.968775345,0.971208435,0.980129765,0.987429035,0.991484185,0.991484185,0.993106245,0.994728305,0.99756691,1,1,1,1,1,1
"""0-20""",20:00,TRUE,0.763232323,0.849292929,0.895757576,0.93010101,0.93979798,0.947474747,0.949494949,0.96040404,0.973737374,0.980606061,0.980606061,0.982626263,0.985454545,0.990707071,0.998787879,1,1,1,1,1
"""0-20""",21:00,TRUE,0.789369298,0.85799286,0.91312971,0.94287981,0.951209837,0.963109877,0.967076557,0.975803253,0.984926616,0.988496628,9.89E-01,0.989686632,0.991273304,0.99404998,0.997619992,1,1,1,1,1
"""0-20""",22:00,TRUE,0.7639413,0.85408805,0.909014675,0.943815514,0.952201258,0.962683438,0.965199161,0.972327044,0.98197065,0.98490566,9.85E-01,9.86E-01,0.988259958,0.992872117,0.997903564,0.999580713,1.00E+00,1,1,1
"""0-20""",23:00,TRUE,0.758378155,0.839884154,0.890773686,0.930906082,0.942076955,0.952420356,0.955316508,0.968556061,0.97807199,0.982623086,0.982623086,9.83E-01,0.986346711,0.991311543,0.998758792,1,1,1,1,1
"""40-20""",0:00,FALSE,0.071278238,0.112389505,0.180300267,0.473972218,0.642346008,0.728497264,0.81464852,0.873439035,0.908657219,0.933913287,0.968570226,0.990458819,0.993685983,0.995510032,0.997755016,0.998456574,0.999719377,0.999719377,0.999719377,1.00E+00
"""40-20""",1:00,FALSE,0.067097136,0.110050533,0.175463223,0.472487367,0.642897249,0.732874789,0.813868613,0.874087591,0.91493543,0.936131387,0.969960696,0.991718136,0.993964065,0.9952274,0.998175182,0.998736665,0.999438518,0.999438518,1.00E+00,1.00E+00
"""40-20""",2:00,FALSE,0.06754625,0.11099957,0.180553564,0.476122186,0.639753334,0.720063101,0.804244945,0.867202065,0.910655385,0.93216693,0.970457479,0.9902481,0.993259716,0.994550409,0.997848846,0.998852718,0.999569769,0.999569769,1.00E+00,1.00E+00
"""40-20""",3:00,FALSE,0.06814145,0.110931697,0.17988051,0.471984499,0.62554497,0.714516389,0.803164864,0.872275149,0.91280478,0.934442112,0.970773454,0.99079606,0.993379622,0.994348458,0.998385274,0.999031164,1.00E+00,0.999515582,1.00E+00,1.00E+00
"""40-20""",4:00,FALSE,0.073241852,0.120926244,0.191080617,0.473413379,0.629674099,0.708576329,0.792624357,0.861921098,0.904631218,0.927101201,0.968953688,0.988336192,0.991423671,0.993653516,0.997770154,0.998456261,0.99948542,0.99948542,1.00E+00,1.00E+00
"""40-20""",5:00,FALSE,0.071957359,0.117115783,0.185815813,0.486970684,0.651909979,0.737636956,0.818181818,0.875777317,0.917974534,0.937222387,0.972164643,0.991560557,0.993781463,0.995114007,0.998075215,0.998667456,0.999703879,0.999703879,1.00E+00,1.00E+00
"""40-20""",6:00,FALSE,0.0696556,0.113558796,0.187247906,0.484176233,0.646447409,0.727893267,0.811976419,0.871237977,0.910797394,0.933136829,0.971610301,0.990536767,0.992243252,0.994880546,0.997672975,9.98E-01,0.99937946,0.99937946,1.00E+00,1.00E+00
"""40-20""",7:00,FALSE,0.058685121,0.099238754,0.167750865,0.47183391,0.650519031,0.73633218,0.818546713,0.871695502,0.909480969,0.931349481,0.967889273,0.988235294,0.991141869,0.993633218,0.997785467,9.98E-01,0.999446367,1.00E+00,1.00E+00,1.00E+00
"""40-20""",8:00,FALSE,0.063133281,0.103819174,0.163834762,0.47482463,0.616523772,0.694466095,0.777396726,0.847388932,0.88589244,0.908183944,0.946063913,0.967420109,0.973031956,0.978799688,0.989867498,0.99329696,0.995479345,0.997038192,0.998908807,1
"""40-20""",9:00,FALSE,0.078809938,0.114891597,0.165374268,0.435511948,0.579680329,0.652318405,0.725114733,0.791897452,0.836841272,0.866592815,0.909795854,0.947301788,0.95616395,0.967558158,0.984332964,0.986706757,0.99066308,0.994619402,0.999525241,1.00E+00
"""40-20""",10:00,FALSE,0.076541325,0.112616912,0.158808933,0.412483298,0.530062989,0.597060508,0.677228479,0.755296812,0.810269135,0.850734873,0.907425081,0.943691544,0.953044474,0.964306165,0.981485016,0.986256919,0.991028822,0.993510212,0.998663867,1
"""40-20""",11:00,FALSE,0.07767156,0.108057357,0.149539092,0.405769887,0.522191874,0.593376579,0.679071355,0.754011608,0.810344828,0.851143735,0.91293957,0.946568795,0.958006145,0.968589962,0.98173438,0.987709116,0.991464664,0.994708091,0.998805053,1
"""40-20""",12:00,FALSE,0.086740135,0.114646285,0.157127622,0.414148596,0.522218272,0.601670814,0.678279417,0.758798436,0.811944543,0.851226449,0.902595094,0.941699253,0.952008532,0.963384287,0.981514397,0.989868468,0.992179168,0.995556346,0.999111269,1
"""40-20""",13:00,FALSE,0.07072872,0.100122474,0.138854868,0.394978567,0.509032456,0.585272505,0.661053276,0.732853644,0.789344764,0.824096754,0.881200245,0.928812002,0.94167177,0.956521739,0.9776485,0.985150031,0.98821188,0.991733007,0.99877526,1
"""40-20""",14:00,FALSE,0.06244398,0.084852106,0.120406334,0.36794144,0.491335524,0.56304153,0.644905886,0.718105766,0.771735883,0.809979086,0.872273678,0.919181356,0.943382133,0.958769047,0.974902898,0.985509411,0.989841649,0.994472662,0.9988049,1
"""40-20""",15:00,FALSE,0.054179979,0.078407881,0.114084132,0.349574015,0.474574015,0.548988285,0.63272098,0.701810437,0.764110756,0.807907348,0.874334398,0.92984558,0.947018104,0.966719915,0.978700745,0.986554846,0.989350373,0.994142705,0.998269436,1
"""40-20""",16:00,FALSE,0.06208659,0.084034877,0.128532772,0.377630788,0.506013229,0.584485869,0.664612147,0.735417919,0.790889958,0.833734215,0.888755262,0.9442273,0.95865905,0.974894768,0.985417919,0.990829826,0.993686109,0.996392063,0.999398677,1
"""40-20""",17:00,FALSE,0.064799784,0.099702381,0.155708874,0.44237013,0.591179654,0.669101732,0.748511905,0.817775974,0.863771645,0.894751082,0.938717532,0.965232684,0.974025974,0.983766234,0.989989177,0.993100649,0.995265152,0.99607684,0.99905303,1
"""40-20""",18:00,FALSE,0.071612415,0.112187737,0.175473126,0.474337623,0.619227858,0.698864497,0.78349735,0.854504164,0.897199092,0.920363361,0.961090083,0.982437547,0.986222559,0.99000757,0.992884179,0.995609387,0.99666919,0.997274792,0.999545799,1.00E+00
"""40-20""",19:00,FALSE,0.07308301,0.113796576,0.18256366,0.477053661,0.630556754,0.713566393,0.796288304,0.864911524,0.906056682,0.928067904,0.966335779,0.986045173,0.989497914,0.991224284,0.994820889,0.996403395,0.997842037,9.98E-01,0.999136815,1
"""40-20""",20:00,FALSE,0.071685103,0.116506249,0.188909639,0.480103433,0.641861801,0.724464876,0.800459704,0.863956328,0.907628214,0.93276828,0.968826318,0.986927166,0.990231289,0.992098836,0.995833932,0.997414165,0.998563425,9.99E-01,9.99E-01,1
"""40-20""",21:00,FALSE,0.06702969,0.112277972,0.180344872,0.469985738,0.635939323,0.728121354,0.806041748,0.869959808,0.910929599,0.931544146,0.967198237,0.988331389,0.99157267,0.992869182,0.995721509,0.997277324,0.998444185,0.99896279,9.99E-01,1
"""40-20""",22:00,FALSE,0.079055441,0.124669991,0.191405104,0.485919625,0.636403637,0.726899384,0.808741566,0.870783221,0.911557642,0.932971546,0.970225873,0.989439718,0.991493106,0.993253153,0.996626577,0.997946612,0.999266647,1.00E+00,1.00E+00,1.00E+00
"""40-20""",23:00,FALSE,0.069438726,0.114999314,0.183065733,0.481268012,0.647591601,0.733360779,0.813091807,0.875257308,0.914505283,0.934952655,0.971730479,0.991628928,0.994373542,0.995608618,0.997529848,0.998353232,0.999725539,0.999725539,0.999725539,1.00E+00
"""40-20""",0:00,TRUE,0.068581688,0.112028725,0.192100539,0.518850987,0.674685817,0.751885099,0.827648115,0.886535009,0.92567325,0.938958707,0.965888689,0.988150808,0.992818671,0.993895871,0.998204668,0.999281867,1,1,1,1
"""40-20""",1:00,TRUE,0.074129539,0.119056533,0.193186073,0.502059154,0.657057282,0.731935605,0.817296893,0.880569075,0.916885062,0.932235118,0.96293523,0.985773119,0.992137776,0.995507301,0.998128042,0.999251217,1,1,1,1
"""40-20""",2:00,TRUE,0.078498294,0.122487675,0.193022374,0.510428517,0.670458855,0.747440273,0.825559348,0.884338263,0.918088737,0.930223739,0.964353432,0.98407281,0.990140311,0.993174061,0.996587031,0.998483125,1,1,1,1
"""40-20""",3:00,TRUE,0.079045488,0.117076808,0.189783743,0.514914243,0.668903803,0.746457867,0.823266219,0.886278896,0.921327368,0.93437733,0.965697241,0.985085757,0.991051454,0.994780015,0.997390007,0.998881432,1,1,1,1
"""40-20""",4:00,TRUE,0.079591837,0.115510204,0.2,0.523673469,0.682040816,0.765306122,0.84,0.897959184,0.929387755,0.945714286,0.972244898,0.988571429,0.993061224,0.995510204,0.99755102,0.998367347,1,1,1,1
"""40-20""",5:00,TRUE,0.080626223,0.11741683,0.183953033,0.519765166,0.685714286,0.759686888,0.828180039,0.88297456,0.915851272,0.93072407,0.961252446,0.985127202,0.991389432,0.993737769,0.996868885,0.998043053,1,1,1,1
"""40-20""",6:00,TRUE,0.077416918,0.118202417,0.189577039,0.525302115,0.688066465,0.771903323,0.840634441,0.887084592,0.913519637,0.936555891,0.960347432,0.989803625,0.994335347,0.996223565,0.997356495,0.998489426,1,1,1,1
"""40-20""",7:00,TRUE,0.083367556,0.124845996,0.197535934,0.521560575,0.690349076,0.760985626,0.84312115,0.89650924,0.926899384,0.940451745,0.970431211,0.987679671,0.992607803,0.995893224,0.997535934,0.99835729,1,1,1,1
"""40-20""",8:00,TRUE,0.077094972,0.122905028,0.195530726,0.519553073,0.683798883,0.767970205,0.843575419,0.894972067,0.924022346,0.939292365,0.96424581,0.9858473,0.991806331,0.995530726,0.997392924,0.998137803,1,1,1,1
"""40-20""",9:00,TRUE,0.074393109,0.112764291,0.186374315,0.50587314,0.666797181,0.746280345,0.826938136,0.887627251,0.920516836,0.940485513,0.967501958,0.98825372,0.992952232,0.995301488,0.998042287,0.999608457,1.00E+00,1,1,1
"""40-20""",10:00,TRUE,0.087124464,0.129613734,0.201287554,0.491416309,0.658369099,0.739055794,0.814592275,0.880257511,0.916738197,0.938626609,0.962660944,0.987124464,0.992703863,0.994420601,0.997424893,0.998283262,1,1,1,1
"""40-20""",11:00,TRUE,0.078431373,0.11546841,0.186928105,0.495424837,0.646623094,0.729847495,0.812200436,0.875381264,0.911111111,0.936383442,0.960784314,0.985185185,0.990413943,0.993464052,0.997821351,0.99912854,1,1,1,1
"""40-20""",12:00,TRUE,0.070733533,0.106287425,0.172904192,0.495883234,0.660928144,0.748502994,0.81998503,0.879116766,0.914670659,0.936002994,0.963323353,0.986901198,0.991766467,0.995134731,0.998502994,0.998502994,1,1,1,1
"""40-20""",13:00,TRUE,0.063258551,0.097462302,0.172122104,0.486208165,0.65207797,0.735932328,0.826038985,0.880102979,0.911364472,0.930856933,0.961015079,0.988230967,0.992644355,0.993747701,0.997425524,0.998528871,0.999632218,0.999632218,1.00E+00,1
"""40-20""",14:00,TRUE,0.079055441,0.111909651,0.191991786,0.507186858,0.654517454,0.738706366,0.820328542,0.880903491,0.917864476,0.935831622,0.964579055,0.982546201,0.987166324,0.991273101,0.996406571,0.998459959,1,1,1,1
"""40-20""",15:00,TRUE,0.079684764,0.119964974,0.200087566,0.503940455,0.665936953,0.739929947,0.827057793,0.877845884,0.912872154,0.932574431,0.958844133,0.981611208,0.987740806,0.990805604,0.996059545,0.99737303,0.998686515,0.998686515,1,1
"""40-20""",16:00,TRUE,0.072016461,0.116872428,0.190123457,0.504526749,0.667901235,0.738271605,0.823045267,0.87654321,0.911934156,0.93127572,0.957613169,0.983127572,0.988065844,0.991358025,0.996296296,0.998353909,9.99E-01,0.998765432,1,1
"""40-20""",17:00,TRUE,0.066824832,0.098457888,0.16646896,0.494661922,0.659153816,0.744167655,0.837880585,0.884934757,0.922103598,0.940688019,0.960854093,0.987346777,0.989719257,0.992487149,0.996836694,1,1,1,1,1
"""40-20""",18:00,TRUE,0.06327764,0.098115891,0.170280839,0.495556346,0.667614646,0.754354781,0.842516886,0.886953431,0.92001422,0.938499822,0.959118379,0.985424813,0.989335229,0.992179168,0.995734092,0.998222538,0.999289015,0.999289015,1.00E+00,1.00E+00
"""40-20""",19:00,TRUE,0.07887931,0.119827586,0.190948276,0.47887931,0.643103448,0.72112069,0.802586207,0.865948276,0.905172414,0.925862069,0.95862069,0.982758621,0.990086207,0.991810345,0.997413793,0.999137931,1,1,1,1
"""40-20""",20:00,TRUE,0.070899883,0.105181145,0.17374367,0.499026101,0.656797818,0.747954811,0.828204129,0.880794702,0.914686404,0.932995715,0.959875341,0.986365407,0.989871445,0.992598364,0.997273081,0.99922088,1,1,1,1
"""40-20""",21:00,TRUE,0.060091173,0.099875673,0.172813925,0.500207211,0.672606714,0.747617074,0.834645669,0.880646498,0.909241608,0.926647327,0.957314546,0.983423125,0.988396187,0.992125984,0.996684625,0.998342312,1,1,1,1
"""40-20""",22:00,TRUE,0.059197457,0.097338101,0.163289631,0.498609456,0.663090981,0.75129122,0.839491458,0.879221295,0.909415971,0.930472785,0.959078268,0.986889154,0.990862137,0.993643226,0.998013508,0.999205403,1,1,1,1
"""40-20""",23:00,TRUE,0.057111677,0.096762459,0.173153874,0.511822481,0.680611131,0.767915606,0.845762095,0.891960713,0.919243361,0.932339032,0.955983994,0.98399418,0.989814478,0.992360858,0.997089851,0.998544925,1,1,1,1
"""20-40""",0:00,FALSE,0.118434307,0.194992085,0.250827457,0.804288387,0.886026766,0.919700676,0.932364369,0.95913081,0.971074975,0.982299611,0.987336307,0.997409699,0.997985322,0.998560944,0.999424378,1,1,1,1,1
"""20-40""",1:00,FALSE,0.120922715,0.198207464,0.258154569,0.807963562,0.887746106,0.919482809,0.933000294,0.961063767,0.970026447,0.979870702,0.985894799,0.995739054,0.997208346,0.997796062,0.999706142,1.00E+00,1,1,1,1
"""20-40""",2:00,FALSE,0.124168179,0.206291591,0.259679371,0.818663037,0.887477314,0.918179068,0.932395644,0.958106473,0.968088324,0.979733817,0.985783424,0.995311555,0.996975197,0.997731397,0.99969752,1.00E+00,1,1,1,1
"""20-40""",3:00,FALSE,0.13273872,0.216684155,0.275096187,0.81444561,0.882301504,0.910982861,0.925848199,0.952605806,0.965897167,0.979713186,0.985834208,0.994578524,0.996152501,0.997376705,0.999475341,1,1,1,1,1
"""20-40""",4:00,FALSE,0.135991456,0.213421146,0.271804913,0.806514774,0.876468494,0.906550374,0.921146315,0.951940192,0.966180135,0.979352083,0.985938056,0.995728017,0.996440014,0.99750801,0.999644001,1.00E+00,1,1,1,1
"""20-40""",5:00,FALSE,0.11919815,0.202158828,0.26461064,0.819275251,0.891441789,0.92074017,0.93384734,0.960061681,0.970855821,0.983962992,0.989514264,0.99768697,0.998766384,9.99E-01,0.999845798,1.00E+00,1,1,1,1
"""20-40""",6:00,FALSE,0.125803792,0.210222589,0.273701566,0.820115416,0.88936521,0.915746084,0.929431162,0.959769167,0.970321517,0.982522671,0.988788129,0.997856554,0.998516076,9.99E-01,1,1,1,1,1,1
"""20-40""",7:00,FALSE,0.114426419,0.192641947,0.252607184,0.80764774,0.887311703,0.924246813,0.939455388,0.964368482,0.975521437,0.983632677,0.988702202,0.996523754,0.997247972,0.997827346,0.998986095,0.998986095,9.99E-01,0.999275782,1.00E+00,1.00E+00
"""20-40""",8:00,FALSE,0.112934055,0.186046512,0.243230328,0.805989169,0.874482319,0.906180312,0.922108952,0.949187639,0.962567697,0.974832749,0.98231921,0.991079962,0.992354253,0.993469258,0.995858554,9.96E-01,9.97E-01,0.99776999,9.98E-01,1
"""20-40""",9:00,FALSE,0.126815265,0.191658224,0.247720365,0.772036474,0.837217156,0.870989531,0.88804458,0.919959473,0.93684566,0.950692334,0.960824046,0.985646741,0.988179669,0.991050321,0.993752111,0.994765282,0.995440729,0.996453901,0.998649105,1
"""20-40""",10:00,FALSE,0.133613782,0.186899038,0.241786859,0.764623397,0.824919872,0.861578526,0.879206731,0.910857372,0.925080128,0.942708333,0.952724359,0.981770833,0.987179487,0.989182692,0.992387821,9.93E-01,0.993589744,0.994591346,0.996995192,1
"""20-40""",11:00,FALSE,0.114928281,0.16451213,0.220825217,0.740038959,0.809456349,0.846290066,0.863998583,0.90525943,0.921374181,0.944041084,0.954134939,0.977510182,0.985124845,0.989197804,0.992739508,0.994333274,0.995395785,0.996281211,0.997520808,1
"""20-40""",12:00,FALSE,0.118468214,0.167515563,0.226372383,0.745142426,0.806451613,0.847764573,0.866628938,0.902659875,0.917940011,0.938313526,0.949820789,0.977174118,0.982078853,0.985663082,0.989813243,0.991888323,0.993397472,0.994906621,0.996793058,1
"""20-40""",13:00,FALSE,0.097170972,0.145448954,0.20095326,0.711869619,0.780904059,0.82395449,0.846555966,0.883917589,0.904366544,0.930811808,0.948339483,0.977859779,0.98400984,0.989083641,0.99200492,0.993542435,0.994618696,0.99600246,0.99800123,1
"""20-40""",14:00,FALSE,0.078904273,0.126395712,0.1773113,0.636444841,0.708351943,0.750781599,0.7811523,0.829983624,0.869138008,0.914842936,0.938216466,0.965758523,0.97439333,0.984070269,0.987792169,0.991811821,0.994193837,0.997171356,0.999702248,1.00E+00
"""20-40""",15:00,FALSE,0.069476971,0.117616445,0.162373146,0.611631538,0.673172001,0.713114754,0.745771533,0.795212074,0.842831122,0.89513401,0.925969295,0.969294822,0.979443143,0.988030185,0.992453812,0.994795733,0.997007546,0.998308613,0.999869893,1.00E+00
"""20-40""",16:00,FALSE,0.086869619,0.137607626,0.187884379,0.624538745,0.690805658,0.730627306,0.766605166,0.820571956,0.870694957,0.911746617,0.941420664,0.973708487,0.982933579,0.989698647,0.99400369,0.995541205,0.996771218,9.97E-01,0.999846248,1.00E+00
"""20-40""",17:00,FALSE,0.101031511,0.161226508,0.214356366,0.716122651,0.789600113,0.8291649,0.854316801,0.899109792,0.925250812,0.948000565,0.967076445,0.981206726,0.98742405,0.99194574,0.99547831,0.996750035,0.997880458,0.998869578,0.999717394,1.00E+00
"""20-40""",18:00,FALSE,0.123218912,0.186204663,0.244170984,0.788860104,0.85994171,0.898316062,0.915641192,0.943167098,0.957739637,0.969559585,0.978626943,0.989313472,0.991742228,0.995142487,0.997571244,9.98E-01,0.999190415,1,1,1
"""20-40""",19:00,FALSE,0.120591406,0.18897274,0.249037425,0.8064069,0.872786077,0.909440936,0.925612198,0.951332204,0.962267057,0.97320191,0.980594486,0.990913291,0.992761435,0.99537964,0.997535808,0.99845988,0.999075928,0.999691976,0.999691976,1.00E+00
"""20-40""",20:00,FALSE,0.127161438,0.197704667,0.258913542,0.806579954,0.877429227,0.911706197,0.927620505,0.953634277,0.964804897,0.976740627,0.983626626,0.995715379,9.96E-01,0.997398623,0.999081867,1.00E+00,1.00E+00,0.999693956,1.00E+00,1.00E+00
"""20-40""",21:00,FALSE,0.123948402,0.199102636,0.261918116,0.810712283,0.878715648,0.912226584,0.930594504,0.958637128,0.97083567,0.980650589,0.986399327,0.995653393,0.996775098,0.998037016,0.999439148,1.00E+00,0.999859787,1.00E+00,1,1
"""20-40""",22:00,FALSE,0.134509202,0.206134969,0.260736196,0.809969325,0.874539877,0.908742331,0.926380368,0.956748466,0.969018405,0.979141104,0.985889571,0.995705521,9.96E-01,0.997239264,0.999386503,1.00E+00,0.999693252,0.999693252,1.00E+00,1
"""20-40""",23:00,FALSE,0.124787776,0.197085456,0.253820034,0.812535371,0.887238257,0.923174873,0.937606112,0.962224109,0.974391624,0.983588002,0.989105829,0.997453311,9.98E-01,9.98E-01,1,1,1,1,1,1
"""20-40""",0:00,TRUE,0.150479846,0.213435701,0.284836852,0.832629559,0.898272553,0.920537428,0.934357006,0.959309021,0.973512476,0.980038388,0.985796545,0.997696737,9.98E-01,0.999616123,1.00E+00,1,1,1,1,1
"""20-40""",1:00,TRUE,0.145658263,0.213685474,0.282112845,0.820328131,0.889555822,0.918767507,0.932372949,0.959983994,0.969987995,0.978391357,0.983993597,0.996398559,9.97E-01,1,1,1,1,1,1,1
"""20-40""",2:00,TRUE,0.131515638,0.19446672,0.2638332,0.836407378,0.898556536,0.921010425,0.936647955,0.960304731,0.969927827,0.977947073,0.982758621,0.995589415,9.96E-01,0.998396151,1,1,1,1,1,1
"""20-40""",3:00,TRUE,0.145504732,0.203864353,0.277208202,0.839511041,0.898659306,0.917586751,0.931782334,0.960962145,0.973580442,0.979495268,0.985410095,0.996845426,0.997634069,0.998422713,1,1,1,1,1,1
"""20-40""",4:00,TRUE,0.145592164,0.211487088,0.279608192,0.852626892,0.905609973,0.926536064,0.938557435,0.963045414,0.975957257,0.981745325,0.985307213,0.995992876,0.996883348,0.998664292,1,1,1,1,1,1
"""20-40""",5:00,TRUE,0.147672552,0.205457464,0.277287319,0.851123596,0.91211878,0.929373997,0.943017657,0.965088283,0.977929374,0.981139647,0.985152488,0.998394864,9.99E-01,9.99E-01,1,1,1,1,1,1
"""20-40""",6:00,TRUE,0.132899272,0.195327461,0.259287629,0.840674071,0.910379165,0.934124856,0.945614707,0.967828418,0.978552279,0.983914209,0.988893144,0.997319035,9.98E-01,0.99923401,1,1,1,1,1,1
"""20-40""",7:00,TRUE,0.134590656,0.195027861,0.26403772,0.81483069,0.892841835,0.917702529,0.933133305,0.955422203,0.96785255,0.975567938,0.982426061,0.996999571,9.97E-01,1,1,1,1,1,1,1
"""20-40""",8:00,TRUE,0.13994512,0.200313603,0.267346139,0.82124657,0.895727166,0.919639357,0.931007448,0.956487652,0.969815759,0.978047824,0.983927871,0.997255978,9.98E-01,0.999215994,1,1,1,1,1,1
"""20-40""",9:00,TRUE,0.141959799,0.208123953,0.278056951,0.833333333,0.897403685,0.924204355,0.935929648,0.963567839,0.97319933,0.979480737,0.983668342,0.995812395,0.997068677,0.999162479,1,1,1,1,1,1
"""20-40""",10:00,TRUE,0.141224863,0.198354662,0.267367459,0.817641682,0.886654479,0.909506399,0.923674589,0.954296161,0.968921389,0.97440585,0.982175503,0.998171846,0.999085923,0.999085923,1,1,1,1,1,1
"""20-40""",11:00,TRUE,0.145034642,0.206466513,0.272517321,0.817090069,0.884064665,0.915473441,0.92886836,0.958429561,0.972286374,0.981524249,0.985681293,0.997228637,9.98E-01,0.999076212,1,1,1,1,1,1
"""20-40""",12:00,TRUE,0.14159647,0.202166065,0.268752507,0.830726033,0.898515844,0.922984356,0.936622543,0.964701163,0.977537104,0.982751705,0.987164059,0.996791015,0.996791015,0.997994384,1,1,1,1,1,1
"""20-40""",13:00,TRUE,0.151167554,0.217124129,0.285129045,0.818926669,0.89266694,0.913150348,0.929946743,0.962310528,0.975010242,0.982384269,0.98648095,0.996722655,0.996722655,0.998361327,0.999590332,0.999590332,0.999590332,0.999590332,1.00E+00,1
"""20-40""",14:00,TRUE,0.147891392,0.212593876,0.278451762,0.816868862,0.881571346,0.912767187,0.924898902,0.953206239,0.971114962,0.979780474,0.983246678,0.996533795,0.997111496,0.997689197,0.999422299,0.999422299,1,1,1,1
"""20-40""",15:00,TRUE,0.133302369,0.201579192,0.261031119,0.797027404,0.870877845,0.909893172,0.922433813,0.952624245,0.966558291,0.976776591,0.983743614,0.995819786,0.996748723,0.999535532,1.00E+00,1,1,1,1,1
"""20-40""",16:00,TRUE,0.132940682,0.192679849,0.258308793,0.811527135,0.882625158,0.909549853,0.925957089,0.951619689,0.965923433,0.973916702,0.979806479,0.996213715,0.996213715,0.997896508,0.999158603,1.00E+00,1.00E+00,1,1,1
"""20-40""",17:00,TRUE,0.131181038,0.203105844,0.257866776,0.818961994,0.890069473,0.919493257,0.934205149,0.95995096,0.971393543,0.97997548,0.986105435,0.996322027,0.996322027,0.998365345,1,1,1,1,1,1
"""20-40""",18:00,TRUE,0.130716463,0.202743902,0.276295732,0.797256098,0.89214939,0.925304878,0.935213415,0.964176829,0.975609756,0.983612805,0.988185976,0.998094512,0.998094512,0.999237805,1,1,1,1,1,1
"""20-40""",19:00,TRUE,0.135049684,0.195121951,0.269196025,0.832429991,0.895212285,0.919602529,0.93495935,0.961156278,0.974254743,0.977868112,0.983288166,0.999096658,0.999096658,0.999096658,1.00E+00,1.00E+00,1,1,1,1
"""20-40""",20:00,TRUE,0.143920596,0.20719603,0.276674938,0.837055418,0.896195203,0.923076923,0.935070306,0.963606286,0.974772539,0.980148883,0.986352357,0.997105045,0.997105045,0.99834574,0.99917287,1,1,1,1,1
"""20-40""",21:00,TRUE,0.132321955,0.199747155,0.265486726,0.828487147,0.8988622,0.918668352,0.938053097,0.966708807,0.977665402,0.984407922,0.988621997,0.999157185,0.999157185,1.00E+00,1.00E+00,1,1,1,1,1
"""20-40""",22:00,TRUE,0.127606339,0.202668891,0.261050876,0.834862385,0.904920767,0.927022519,0.945788157,0.967889908,0.977481234,0.98498749,0.987906589,0.997080901,0.997080901,0.998748957,9.99E-01,1,1,1,1,1
"""20-40""",23:00,TRUE,0.125773994,0.196981424,0.267414861,0.815789474,0.889318885,0.915634675,0.933823529,0.960913313,0.973684211,0.982198142,0.988003096,0.997291022,0.997291022,0.999226006,1.00E+00,1.00E+00,1,1,1,1
"""80-100""",0:00,FALSE,0.022874407,0.026183283,0.02675874,0.036109912,0.076248022,0.114659761,0.150050352,0.207164437,0.262983743,0.316213494,0.384836714,0.443533305,0.478348439,0.515896993,0.583513164,0.904618041,0.976981729,0.984606531,0.997122716,1
"""80-100""",1:00,FALSE,0.022708275,0.025355252,0.02591251,0.031206464,0.074115352,0.108804681,0.144747841,0.200055726,0.250487601,0.303705768,0.37141265,0.43480078,0.473251602,0.51156311,0.582195598,0.906101978,0.979381443,0.986347172,0.996517136,1
"""80-100""",2:00,FALSE,0.019649722,0.023779012,2.42E-02,0.031610423,0.068774028,0.101523565,0.135127438,0.185390859,0.236081447,0.292182828,0.358393849,0.420902748,0.457212018,0.496653852,0.568560444,0.908158906,0.978783995,0.987184964,0.995870711,1
"""80-100""",3:00,FALSE,0.023058614,0.027670336,0.028265397,0.03570366,0.070365963,0.100416543,0.133739958,0.182981256,0.231627492,0.28429039,0.354210057,0.420856888,0.457453139,0.495090747,0.567688188,0.900922345,0.977685213,0.986462362,0.995239512,1
"""80-100""",4:00,FALSE,0.025218967,0.029296285,0.030051344,0.036846874,0.065539112,0.094684385,0.125339777,0.171096346,0.217607973,0.26744186,0.33449109,0.395952884,0.432497735,0.472515856,0.550437934,0.900785261,0.97795228,0.985955905,0.995922682,1
"""80-100""",5:00,FALSE,0.02080891,0.0235932,2.39E-02,0.029161782,0.071512309,0.104630715,0.139067995,0.190797186,0.243991794,0.296893318,0.365767878,0.430539273,0.467614302,0.508792497,0.58426143,0.907092614,0.979923798,0.985932005,0.996629543,1
"""80-100""",6:00,FALSE,0.021887016,0.026323573,0.026915114,0.034309376,0.071132801,0.10751257,0.14389234,0.195652174,0.250073943,0.304052056,0.373262348,0.430641822,0.464063886,0.506506951,0.57675244,0.903430938,0.975598935,0.983436853,0.995267672,1
"""80-100""",7:00,FALSE,0.019690577,0.024535084,0.025316456,0.033442725,0.0806376,0.122519144,0.165650883,0.226910455,0.286763557,0.343647445,0.415377403,0.481950305,0.516486951,0.55571183,0.619159244,0.915924363,0.980309423,0.986872949,0.995624316,1
"""80-100""",8:00,FALSE,0.019757521,0.022601407,2.31E-02,0.027690465,0.06705583,0.099985032,0.134560695,0.184553211,0.235743152,0.287681485,0.358179913,0.417602155,0.450980392,0.487202515,0.561592576,0.900613681,0.97515342,0.984732824,0.995210298,1
"""80-100""",9:00,FALSE,0.023098202,0.027385892,0.028077455,0.034993084,0.065006916,0.098478562,0.12724758,0.172337483,0.217012448,0.262655602,0.331396957,0.386998617,0.427109267,0.466943292,0.544536653,0.89571231,0.971507607,0.981466113,0.993914246,1
"""80-100""",10:00,FALSE,0.022209061,0.026206692,0.026946994,0.033313592,0.055522653,0.0796565,0.103938407,0.143026355,0.180189517,0.227864969,0.295232455,0.354456618,0.39857862,0.441812259,0.525170269,0.895469351,0.973053006,0.981492449,0.993781463,1
"""80-100""",11:00,FALSE,0.024044147,0.027854421,0.028642754,0.032453029,0.055577454,0.078307713,0.102483248,0.140717383,0.17973985,0.226251478,0.294836421,0.357246091,0.403232164,0.452371567,0.537905663,0.8934437,0.970700302,0.980554461,0.994218894,1
"""80-100""",12:00,FALSE,0.028540066,0.031284303,0.03251921,0.037047201,0.060098793,0.082601537,0.107299671,0.142974753,0.181531284,0.225713502,0.294868277,0.361416026,0.409302964,0.454994512,0.538556531,0.894621295,0.972008782,0.981339188,0.993276619,1
"""80-100""",13:00,FALSE,0.025963489,0.029344151,0.030290737,0.035564571,0.06112238,0.085057471,0.109398242,0.150777552,0.197160243,0.251521298,0.326301555,0.395943205,0.438945233,0.485192698,0.573089926,0.902772143,0.976470588,0.983231913,0.994455713,1
"""80-100""",14:00,FALSE,0.024012158,0.02674772,0.028267477,0.036778116,0.069604863,0.096048632,0.122796353,0.165045593,0.214589666,0.267325228,0.356231003,0.431610942,0.475227964,0.522036474,0.604407295,0.911094225,0.976595745,0.984042553,0.995288754,1
"""80-100""",15:00,FALSE,0.020852085,0.0240024,0.024752475,0.03270327,0.066306631,0.096459646,0.126762676,0.173867387,0.222472247,0.280828083,0.366036604,0.440744074,0.495349535,0.540654065,0.620162016,0.917041704,0.976147615,0.98229823,0.995049505,1
"""80-100""",16:00,FALSE,0.022248244,0.025907494,0.027224824,0.033665105,0.06206089,0.090163934,0.115632319,0.158811475,0.205942623,0.265661593,0.336797424,0.405591335,0.452868852,0.49868267,0.584309133,0.908811475,0.974970726,0.981264637,0.994145199,1
"""80-100""",17:00,FALSE,0.020710059,0.024744486,0.025820334,0.034965035,0.061188811,0.094136633,0.12345347,0.167966649,0.217724583,0.279316837,0.357450242,0.430473373,0.479693384,0.520037655,0.603550296,0.91218397,0.977945132,0.98359333,0.995024207,1
"""80-100""",18:00,FALSE,0.022373265,0.026621354,0.028320589,0.034975927,0.058623619,0.091758709,0.121920136,0.169640329,0.219484565,0.27598414,0.350042481,0.415179836,0.455536675,0.495893515,0.575332767,0.9038516,0.972812234,0.98173322,0.994335882,1
"""80-100""",19:00,FALSE,0.022002821,0.025811001,0.027926657,0.035119887,0.067277856,0.103102962,0.137376587,0.186882934,0.233850494,0.291960508,0.359802539,0.430042313,0.472496474,0.508744711,0.584626234,0.906770099,0.978279267,0.984626234,0.995204513,1
"""80-100""",20:00,FALSE,0.021305654,0.024310298,0.025266321,0.034553401,0.068014204,0.108986616,0.142993718,0.191204589,0.243102977,0.298552308,0.363425294,0.426113084,0.468451243,0.509013931,0.584403169,0.90453428,0.978421196,0.984157334,0.995766184,1
"""80-100""",21:00,FALSE,0.021424816,0.025893796,0.027996845,0.03798633,0.075315457,0.116324921,0.156940063,0.210042061,0.26340694,0.320189274,0.390378549,0.454915878,0.494479495,0.531019979,0.600026288,0.908254469,0.979363828,0.984490011,0.996319664,1
"""80-100""",22:00,FALSE,0.026090501,0.029215926,0.03098247,0.041989401,0.074874304,0.113874168,0.148389727,0.197717081,0.242424242,0.295828238,0.36390814,0.430085609,0.468677809,0.504552249,0.579970105,0.903383612,0.977442587,0.984236989,0.995787471,1
"""80-100""",23:00,FALSE,0.022608216,0.025778881,0.02688172,0.035153019,0.071960298,0.112351806,0.153019024,0.20388751,0.255583127,0.307003033,0.375792666,0.437689551,0.4709126,0.506479184,0.576095947,0.899228012,0.978770334,0.985387372,0.996277916,1
"""80-100""",0:00,TRUE,0.031589024,0.036056158,0.037651563,0.044990428,0.076898532,0.110082961,0.145181876,0.190172304,0.239948947,0.292916401,0.354818124,0.414805361,0.44830887,0.485322272,0.559668156,0.898532227,0.979897894,0.984365029,0.993618379,1
"""80-100""",1:00,TRUE,0.029402757,0.032159265,0.033078101,0.040735069,0.071975498,0.109647779,0.14058193,0.189280245,0.234609495,0.285451761,0.346094946,0.399387443,0.437059724,0.470444104,0.54762634,0.896477795,0.98101072,0.9856049,0.997243492,1
"""80-100""",2:00,TRUE,0.034008932,0.038131226,0.040192374,0.049124012,0.079010649,0.116111302,0.147372037,0.193060804,0.237718997,0.296805222,0.364136036,0.420474064,0.459635864,0.499484713,0.572998969,0.904156647,0.983167296,0.985915493,0.994847132,1
"""80-100""",3:00,TRUE,0.028990124,0.033450143,0.035680153,0.043644473,0.073271743,0.108633323,0.140490602,0.183816502,0.225230965,0.275246894,0.338324307,0.390570245,0.427843262,0.469894871,0.544440905,0.897738133,0.979929914,0.983434215,0.995539981,1
"""80-100""",4:00,TRUE,0.028694969,0.031053459,0.03341195,0.041666667,0.076257862,0.119496855,0.155660377,0.206761006,0.251965409,0.308176101,0.370676101,0.428066038,0.469732704,0.510220126,0.57586478,0.898977987,0.97995283,0.982311321,0.994103774,1
"""80-100""",5:00,TRUE,0.031621791,0.036005009,0.038196619,0.044458359,0.076706324,0.11208516,0.141828428,0.184095178,0.223231058,0.278960551,0.336881653,0.386975579,0.423293676,0.463994991,0.537570445,0.89323732,0.979649343,0.984032561,0.994990607,1
"""80-100""",6:00,TRUE,0.033309456,0.03760745,0.040472779,0.047994269,0.085243553,0.124283668,0.164756447,0.217048711,0.263968481,0.316977077,0.372492837,0.432664756,0.465974212,0.503939828,0.566977077,0.891833811,0.978868195,0.982808023,0.993911175,1
"""80-100""",7:00,TRUE,0.033959538,0.037572254,0.040101156,0.046242775,0.080202312,0.119942197,0.152456647,0.20267341,0.253973988,0.308526012,0.36849711,0.431358382,0.464956647,0.507225434,0.572615607,0.899566474,0.981936416,0.984465318,0.993858382,1
"""80-100""",8:00,TRUE,0.03359616,0.037709976,0.04045252,0.048680151,0.083990401,0.122386013,0.160781625,0.21220432,0.256085019,0.305107988,0.368872129,0.426122729,0.464518341,0.501542681,0.56907782,0.894412067,0.978745286,0.982859102,0.994172095,1
"""80-100""",9:00,TRUE,0.032215211,0.035868482,0.03752906,0.044835603,0.07804716,0.110262371,0.139156426,0.184988376,0.22749917,0.275988044,0.336100963,0.3859183,0.429093324,0.468282962,0.546662238,0.903354367,0.980073065,0.984390568,0.995018266,1
"""80-100""",10:00,TRUE,0.03175699,0.034173283,0.036589575,0.042457715,0.075250259,0.110459096,0.139454608,0.180531584,0.219192268,0.267518122,0.330686918,0.384880911,0.419054194,0.456679323,0.535381429,0.891266828,0.980669658,0.983431136,0.995167415,1
"""80-100""",11:00,TRUE,0.030561478,0.035181237,0.036602701,0.041577825,0.074982232,0.10376688,0.126510306,0.166666667,0.213574982,0.26119403,0.320540156,0.374911158,0.416133618,0.459132907,0.535536603,0.893034826,0.977967306,0.980454869,0.995024876,1
"""80-100""",12:00,TRUE,0.027960526,0.033881579,0.034868421,0.041776316,0.072368421,0.102302632,0.132565789,0.173355263,0.220394737,0.26875,0.334868421,0.391776316,0.438815789,0.48125,0.554605263,0.894736842,0.979605263,0.982894737,0.994736842,1
"""80-100""",13:00,TRUE,0.027777778,0.032352941,3.27E-02,0.038235294,0.070588235,0.102941176,0.133660131,0.180392157,0.22745098,0.283333333,0.347058824,0.409150327,0.452287582,0.491176471,0.572875817,0.9,0.977777778,0.98496732,0.994444444,1
"""80-100""",14:00,TRUE,0.033559898,0.036958369,0.038657604,0.045879354,0.081138488,0.113848768,0.143160578,0.183092608,0.229396771,0.279949023,0.341546304,0.402293968,0.442225998,0.481308411,0.555225149,0.897196262,0.975361088,0.979609176,0.99277825,1
"""80-100""",15:00,TRUE,0.02593985,0.030451128,0.031203008,0.037593985,0.070676692,0.105639098,0.133834586,0.186466165,0.236842105,0.287218045,0.347368421,0.412030075,0.456766917,0.497744361,0.571804511,0.905639098,0.976691729,0.982330827,0.993609023,1
"""80-100""",16:00,TRUE,0.025025364,0.029421711,0.030098072,0.036185323,0.068312479,0.094352384,0.121406831,0.167737572,0.218802841,0.273926277,0.337166047,0.397700372,0.437267501,0.473791004,0.552248901,0.898884004,0.976665539,0.985120054,0.994589111,1
"""80-100""",17:00,TRUE,0.028901734,0.031430636,0.032514451,0.039017341,0.074421965,0.102239884,0.126445087,0.175216763,0.23265896,0.290462428,0.347904624,0.416546243,0.462789017,0.50433526,0.576589595,0.899566474,0.974349711,0.983742775,0.993858382,1
"""80-100""",18:00,TRUE,0.034324133,0.036093418,3.64E-02,0.043170559,0.077494692,0.112172682,0.145435244,0.194267516,0.244161359,0.304317056,0.363411182,0.433121019,0.481599434,0.52512385,0.595541401,0.903397028,0.974168436,0.983368719,0.99398443,1
"""80-100""",19:00,TRUE,0.032648569,0.03595011,0.036683786,0.045121056,0.079970653,0.113719736,0.134996332,0.178283199,0.234409391,0.28943507,0.348129127,0.408290536,0.436903888,0.472487161,0.542553191,0.896184886,0.976889215,0.983492296,0.994130594,1
"""80-100""",20:00,TRUE,0.031567489,0.034470247,0.035558781,0.043904209,0.080551524,0.112844702,0.139332366,0.187953556,0.239114659,0.300072569,0.367198839,0.427068215,0.467706821,0.50616836,0.574020319,0.904208999,0.974963716,0.982946299,0.994194485,1
"""80-100""",21:00,TRUE,0.026146132,0.030802292,0.031518625,0.037965616,0.070916905,0.102793696,0.133954155,0.182664756,0.228151862,0.286532951,0.344555874,0.402578797,0.438037249,0.477077364,0.547636103,0.901146132,0.976719198,0.984240688,0.995702006,1
"""80-100""",22:00,TRUE,0.029683113,0.035298837,0.035298837,0.0433213,0.083032491,0.109506619,0.138387485,0.182912154,0.24107501,0.298836743,0.356197353,0.419173686,0.460890493,0.502206177,0.568391496,0.899719214,0.976333734,0.983553951,0.995186522,1
"""80-100""",23:00,TRUE,0.028456768,0.033564393,0.034294053,0.043414812,0.083181321,0.115286392,0.151039767,0.207588471,0.269609632,0.328347318,0.388544327,0.456037942,0.496898942,0.53593579,0.602334914,0.913170376,0.981758482,0.988325429,0.996351696,1
"""60-80""",0:00,FALSE,0.00619418,0.011091904,0.022760012,0.110054739,0.263036589,0.479976952,0.665514261,0.790262172,0.872082973,0.924661481,0.960962259,0.989628349,0.992941515,0.995246327,0.996542783,0.998847594,0.999711899,0.999711899,1.00E+00,1
"""60-80""",1:00,FALSE,0.006875806,0.01203266,0.023778828,0.118464403,0.274029509,0.487322733,0.662512534,0.789285203,0.87079215,0.921787709,0.959031657,0.989829537,0.993697178,0.995845867,0.996848589,0.99856754,0.99928377,1.00E+00,1.00E+00,1.00E+00
"""60-80""",2:00,FALSE,0.006920925,0.012074805,0.02532764,0.116183184,0.271830364,0.48991312,0.663819761,0.79325578,0.877484906,0.929465469,0.963333824,0.990575762,0.993079075,0.996318657,0.997349433,0.999410985,0.999410985,0.999410985,1.00E+00,1.00E+00
"""60-80""",3:00,FALSE,0.007750632,0.013647852,0.027464195,0.122662174,0.272114575,0.483235046,0.653917439,0.789553496,0.87683235,0.92485257,0.962257793,0.9915754,0.994271272,0.996967144,0.998146588,0.999494524,0.999494524,0.999494524,1.00E+00,1.00E+00
"""60-80""",4:00,FALSE,0.00534858,0.009037256,0.024714128,0.111582442,0.250645518,0.464404279,0.647178163,0.779048322,0.866654371,0.919218001,0.960162302,0.988749539,0.991884913,0.994098119,0.995204722,0.998340096,0.999077831,9.99E-01,1.00E+00,1.00E+00
"""60-80""",5:00,FALSE,0.007850242,0.01147343,0.025513285,0.11548913,0.270380435,0.481733092,0.651570048,0.785477053,0.86865942,0.923007246,0.961201691,0.988375604,0.993357488,0.996376812,0.997735507,0.999245169,9.99E-01,0.999396135,1.00E+00,1.00E+00
"""60-80""",6:00,FALSE,0.008983452,0.014342002,0.028999212,0.118676123,0.263987392,0.47927502,0.654531127,0.783609141,0.870133964,0.92214342,0.959810875,0.990070922,0.993538219,0.997005516,0.998108747,0.998896769,0.999684791,0.999684791,1.00E+00,1
"""60-80""",7:00,FALSE,0.008148544,0.012556773,0.02337697,0.118220679,0.282126636,0.489981298,0.669650013,0.790408763,0.87723751,0.926395939,0.962463265,0.990248464,0.993187283,0.996927598,0.998263425,0.999465669,1.00E+00,0.999732835,1.00E+00,1.00E+00
"""60-80""",8:00,FALSE,0.008952411,0.013193027,0.028427831,0.117009581,0.264174651,0.47055128,0.653211874,0.782315062,0.866656196,0.915815926,0.957750903,0.984294016,0.989476991,0.994031726,0.996230564,0.99952882,1.00E+00,0.99968588,1.00E+00,1
"""60-80""",9:00,FALSE,0.007594519,0.012877662,0.021958065,0.103186396,0.239722635,0.43453855,0.618292884,0.749380882,0.835727258,0.893841836,0.939739145,0.971107809,0.978702328,0.984810963,0.993065874,0.997688625,0.998349018,9.99E-01,9.99E-01,1
"""60-80""",10:00,FALSE,0.00863842,0.011929247,0.022418758,0.100370218,0.22027972,0.399629782,0.554709996,0.690456602,0.79144385,0.852529823,0.907856849,0.953928425,0.962155492,0.972850679,0.986425339,0.993624023,0.995269436,0.997737557,0.998560263,1
"""60-80""",11:00,FALSE,0.006892697,0.012108793,0.019374069,0.100596125,0.199515648,0.371833085,0.514716841,0.655923994,0.761363636,0.829731744,0.902198212,0.949888227,0.957898659,0.971497765,0.984724292,0.989754098,0.992362146,0.995901639,0.997205663,1
"""60-80""",12:00,FALSE,0.01166348,0.018164436,0.026195029,0.111472275,0.206692161,0.370172084,0.500191205,0.639196941,0.746271511,0.8208413,0.89292543,0.9416826,0.952007648,0.965200765,0.978011472,0.986998088,0.990630975,0.995028681,0.998279159,1
"""60-80""",13:00,FALSE,0.010852218,0.014682413,0.022342802,0.099585062,0.191669327,0.356367699,0.500159591,0.640280881,0.743855729,0.82668369,0.895627194,0.943345037,0.959623364,0.969518034,0.981966167,0.989626556,0.992020428,0.996169805,0.997925311,1
"""60-80""",14:00,FALSE,0.012468458,0.016921478,0.021968235,0.08787294,0.181831676,0.343921627,0.491465044,0.618376132,0.724358023,0.809707585,0.888822918,0.94018109,0.951907377,0.968828856,0.980703577,0.987976844,0.992132997,0.995843847,0.99777349,1
"""60-80""",15:00,FALSE,0.013122294,0.016233766,0.022862554,0.090503247,0.189799784,0.343344156,0.484983766,0.612418831,0.716179654,0.806412338,0.888933983,0.941017316,0.958198052,0.968344156,0.981872294,0.989177489,0.990800866,0.994859307,0.997700216,1
"""60-80""",16:00,FALSE,0.010537734,0.016891368,0.024949636,0.102897877,0.210134821,0.373314737,0.513404618,0.63613823,0.745699675,0.828761816,0.898961723,0.950100728,0.963737796,0.975205331,0.982798698,0.988687432,0.990237099,0.994576166,0.9967457,1
"""60-80""",17:00,FALSE,0.01164365,0.016246954,0.024505822,0.107636068,0.218927701,0.389656106,0.541294341,0.66598971,0.770376388,0.847278635,0.912943406,0.955185486,0.964392093,0.973463309,0.982669916,0.988220959,0.991199567,0.99471974,0.997292174,1
"""60-80""",18:00,FALSE,0.010208746,0.014779826,0.025293311,0.106049063,0.212555234,0.394788968,0.552338869,0.682462289,0.779826299,0.856620448,0.913606582,0.959926863,0.966631114,0.975163797,0.984915435,0.989029407,0.99070547,0.995124181,0.997257352,1
"""60-80""",19:00,FALSE,0.010055377,0.015155931,0.0271058,0.107257359,0.232148062,0.424366074,0.59414165,0.724715826,0.811570971,0.872340426,0.930632469,0.967356456,0.97303993,0.979452055,0.987904401,0.991401924,0.993442145,0.996065287,0.998542699,1
"""60-80""",20:00,FALSE,0.010585847,0.015226218,0.028567285,0.114704176,0.253045244,0.45562645,0.628480278,0.753045244,0.839472158,0.895591647,0.947070766,0.978538283,0.983468677,0.988544084,0.992024362,0.994344548,0.995794664,0.99724478,0.998694896,1
"""60-80""",21:00,FALSE,0.008435583,0.013164622,0.025690184,0.115030675,0.259074642,0.469197342,0.64902863,0.766615542,0.854038855,0.906697342,0.951814928,0.983128834,0.987602249,0.992842536,0.995526585,0.997060327,0.997699387,0.998210634,0.999105317,1
"""60-80""",22:00,FALSE,0.01091344,0.016743908,0.030198834,0.109433398,0.251607116,0.470324413,0.646434445,0.771266258,0.861115264,0.909403498,0.951861265,0.986545074,0.991329048,0.994917028,0.997010016,0.998654507,0.999252504,1.00E+00,1.00E+00,1
"""60-80""",23:00,FALSE,0.006560581,0.010608599,0.026242323,0.109994417,0.25572306,0.474316025,0.651312116,0.775404802,0.866834171,0.917085427,0.956309324,0.988553881,0.992183138,0.995114461,0.99692909,0.998604132,0.999441653,1.00E+00,0.999720826,1.00E+00
"""60-80""",0:00,TRUE,0.008327025,0.011355034,0.0333081,0.142316427,0.281226344,0.476154428,0.640802422,0.768735806,0.874337623,0.928463285,0.965556397,0.991672975,0.995836488,0.99659349,0.999242998,1.00E+00,0.999621499,1.00E+00,1,1
"""60-80""",1:00,TRUE,0.011001517,0.014415781,0.031487102,0.143778452,0.278072838,0.480652504,0.65060698,0.773141123,0.869119879,0.920713202,0.959787557,0.989757208,0.99430956,0.995827011,0.998482549,0.999241275,0.999241275,1,1,1
"""60-80""",2:00,TRUE,0.014604462,0.017849899,0.03326572,0.146855984,0.301014199,0.502231237,0.678296146,0.793103448,0.87464503,0.922109533,0.962271805,0.992292089,0.994726166,0.996348884,0.998377282,0.999188641,0.999188641,1,1,1
"""60-80""",3:00,TRUE,0.014319809,0.017104216,0.037788385,0.154733492,0.303500398,0.503579952,0.678997613,0.801909308,0.877486078,0.924025457,0.961813842,0.994431185,0.996420048,0.998011138,1,1,1,1,1,1
"""60-80""",4:00,TRUE,0.016115352,0.017811705,0.034775233,0.158608991,0.304071247,0.502120441,0.675148431,0.790500424,0.875742154,0.922815946,0.956318914,0.989821883,0.993214589,0.995759118,1,1,1,1,1,1
"""60-80""",5:00,TRUE,0.016556291,0.020281457,0.035182119,0.153559603,0.307533113,0.500827815,0.67839404,0.791390728,0.872102649,0.915149007,0.961506623,0.991721854,0.992963576,0.995860927,0.998758278,1,1,1,1,1
"""60-80""",6:00,TRUE,0.012991976,0.015666794,0.030569354,0.158578525,0.328620558,0.524646542,0.690485288,0.794038976,0.875429882,0.923194498,0.959113489,0.991975545,0.993121895,0.995414597,0.998089415,1,1,1,1,1
"""60-80""",7:00,TRUE,0.0162206,0.02108678,0.036901865,0.153284672,0.302514193,0.49432279,0.665855637,0.784671533,0.867802109,0.916058394,0.957420925,0.99107867,0.99270073,0.99675588,0.998783455,0.999594485,0.999594485,0.999594485,0.999594485,1.00E+00
"""60-80""",8:00,TRUE,0.016930023,0.018434913,0.036117381,0.154251317,0.318284424,0.512791573,0.68510158,0.793829947,0.872836719,0.919112114,0.96275395,0.992475546,0.994356659,0.99586155,0.998871332,1,1,1,1,1
"""60-80""",9:00,TRUE,0.011851246,0.015120556,0.033510421,0.13812832,0.285655905,0.502656314,0.667756436,0.785860237,0.870453617,0.915815284,0.956272987,0.989783408,0.992644054,0.9955047,0.997956682,1,1,1,1,1
"""60-80""",10:00,TRUE,0.014046217,0.017671047,0.033982782,0.15541459,0.304485727,0.504304486,0.662437698,0.786135025,0.868146806,0.920253738,0.959673765,0.988672406,0.992297236,0.994562755,0.997734481,1,1,1,1,1
"""60-80""",11:00,TRUE,0.012042612,0.014358499,0.032422418,0.134784623,0.270032422,0.479388606,0.65308013,0.772116721,0.856878184,0.904585456,0.952292728,0.987957388,0.992589162,0.994441871,0.99814729,1,1,1,1,1
"""60-80""",12:00,TRUE,0.011010617,0.015729453,0.033425088,0.165552497,0.319307904,0.511207236,0.674793551,0.78214707,0.863546992,0.914667715,0.95281164,0.98820291,0.990955564,0.994101455,0.997640582,0.999213527,1.00E+00,1.00E+00,1,1
"""60-80""",13:00,TRUE,0.009433962,0.013584906,0.026792453,0.153584906,0.293584906,0.479245283,0.64754717,0.765283019,0.855471698,0.905283019,0.949811321,0.98490566,0.987924528,0.991698113,0.996603774,0.998113208,0.998113208,0.999245283,1,1
"""60-80""",14:00,TRUE,0.008537887,0.012273212,0.030416222,0.157950907,0.289754536,0.478121665,0.635538954,0.757203842,0.847385272,0.897545358,0.946638207,0.985058698,0.987726788,0.990394877,0.995731057,0.997865528,0.998932764,0.999466382,1,1
"""60-80""",15:00,TRUE,0.011816193,0.01487965,0.027571116,0.126039387,0.257768053,0.459956236,0.623194748,0.741356674,0.83107221,0.886214442,0.93654267,0.979431072,0.984682713,0.988183807,0.993873085,0.995623632,0.996498906,0.997374179,0.99868709,1
"""60-80""",16:00,TRUE,0.010827198,0.014724989,0.028583803,0.141619749,0.279774794,0.472498917,0.643135557,0.761368558,0.842355998,0.891728021,0.947596362,0.984841923,0.989172802,0.99177133,0.993503681,0.995669121,0.996968385,0.99783456,9.98E-01,1
"""60-80""",17:00,TRUE,0.012835941,0.017248295,0.02807862,0.131568391,0.274769354,0.492178099,0.65302848,0.766947453,0.852386683,0.900120337,0.945848375,0.97954272,0.985158444,0.987565183,0.99237866,0.995587645,0.997192138,0.998395507,9.99E-01,1
"""60-80""",18:00,TRUE,0.010676157,0.013879004,0.025622776,0.143060498,0.289323843,0.49252669,0.655871886,0.767259786,0.844839858,0.900711744,0.939857651,0.981850534,0.986120996,0.9886121,0.991103203,0.995729537,0.997153025,0.998220641,0.999288256,1
"""60-80""",19:00,TRUE,0.010318528,0.013907582,0.032750112,0.136384029,0.273216689,0.483624944,0.660385823,0.776581427,0.862270076,0.910722297,0.952893674,0.982951996,0.985643786,0.988335576,0.99192463,0.99730821,9.98E-01,0.998654105,0.999551368,1.00E+00
"""60-80""",20:00,TRUE,0.010592389,0.013338564,0.029423303,0.144762652,0.295802275,0.505296195,0.677128286,0.793644566,0.873675951,0.924284033,0.963515104,0.992546097,0.995292271,0.995292271,0.996861514,0.998038446,0.998038446,0.998823068,1,1
"""60-80""",21:00,TRUE,0.005937235,0.010178117,0.024597116,0.14206955,0.294317218,0.499575912,0.660729432,0.787107718,0.870229008,0.918150975,0.960135708,0.989821883,0.992366412,0.993638677,0.996183206,0.997879559,0.999151824,0.999151824,1,1
"""60-80""",22:00,TRUE,0.007745618,0.011414594,0.028128822,0.144313086,0.298002446,0.518548716,0.677945373,0.795760294,0.883815736,0.922951488,0.958010599,0.989808398,0.993885039,0.995923359,0.998777008,1,1,1,1,1
"""60-80""",23:00,TRUE,0.007905138,0.011498383,0.026949335,0.144448437,0.301113906,0.496945742,0.65756378,0.771469637,0.861660079,0.913402803,0.953647143,0.988860941,0.994969457,0.997125404,0.999640676,1.00E+00,1,1,1,1
,,,,,,,,,,,,,,,,,,,,,,
,,,,,,,,,,,,,,,,,,,,,,
,,,,,,,,,,,,,,,,,,,,,,
,,,,,,,,,,,,,,,,,,,,,,
,,,,,,,,,,,,,,,,,,,,,,
,,,,,,,,,,,,,,,,,,,,,,
,,,,,,,,,,,,,,,,,,,,,,
,,,,,,,,,,,,,,,,,,,,,,
,,,,,,,,,,,,,,,,,,,,,,
,,,,,,,,,,,,,,,,,,,,,,
,,,,,,,,,,,,,,,,,,,,,,
,,,,,,,,,,,,,,,,,,,,,,
,,,,,,,,,,,,,,,,,,,,,,
,,,,,,,,,,,,,,,,,,,,,,
,,,,,,,,,,,,,,,,,,,,,,
,,,,,,,,,,,,,,,,,,,,,,
,,,,,,,,,,,,,,,,,,,,,,
,,,,,,,,,,,,,,,,,,,,,,
,,,,,,,,,,,,,,,,,,,,,,
,,,,,,,,,,,,,,,,,,,,,,
,,,,,,,,,,,,,,,,,,,,,,
,,,,,,,,,,,,,,,,,,,,,,
,,,,,,,,,,,,,,,,,,,,,,
,,,,,,,,,,,,,,,,,,,,,,
